0.050238,0,0.1514,5152.7,4
0.15027,0.0001,0.1515,5154.8,4
0.25025,0.0002,0.1516,5157,4
0.35029,0.0002,0.1516,5159,4
0.45027,0.0003,0.1516,5161.1,4
0.55025,0.0003,0.1517,5163.2,4
0.65021,0.0003,0.1517,5165.3,4
0.75024,0.0003,0.1517,5167.2,4
0.85626,0.0003,0.1518,5169.1,4
0.95023,0.0003,0.1518,5171,4
1.0505,0.0003,0.1518,5172.9,4
1.1502,0.0003,0.1518,5174.9,4
1.2503,0.0003,0.1518,5176.9,4
1.3502,0.0003,0.1518,5178.9,4
1.4502,0.0004,0.1518,5180.6,4
1.5502,0.0004,0.1519,5182.2,4
1.6503,0.0004,0.1519,5183.9,4
1.7502,0.0004,0.1519,5185.7,4
1.8563,0.0005,0.1519,5187.2,4
1.9502,0.0005,0.152,5188.8,4
2.0502,0.0005,0.152,5190.4,4
2.1502,0.0006,0.1521,5192,4
2.2508,0.0007,0.1521,5193.4,4
2.3505,0.0007,0.1521,5194.9,4
2.4502,0.0008,0.1522,5196.3,4
2.5502,0.0009,0.1522,5197.5,4
2.6507,0.0009,0.1523,5198.9,4
2.7503,0.001,0.1523,5200.3,4
2.8557,0.001,0.1524,5201.7,4
2.9503,0.001,0.1524,5203,4
3.0502,0.0011,0.1524,5204.2,4
3.1505,0.0011,0.1525,5205.4,4
3.2502,0.0011,0.1525,5206.4,4
3.3502,0.0011,0.1525,5207.7,4
3.4502,0.0012,0.1526,5208.7,4
3.5502,0.0012,0.1526,5209.8,4
3.6502,0.0012,0.1526,5210.6,4
3.7507,0.0012,0.1526,5211.7,4
3.8556,0.0012,0.1526,5212.7,4
3.9502,0.0012,0.1526,5213.6,4
4.0502,0.0012,0.1527,5214.6,4
4.1503,0.0012,0.1527,5215.5,4
4.2502,0.0012,0.1527,5216.4,4
4.3502,0.0013,0.1527,5216.9,4
4.4502,0.0012,0.1527,5217.8,4
4.5502,0.0013,0.1527,5218.5,4
4.6504,0.0012,0.1528,5219.4,4
4.7502,0.0013,0.1528,5219.9,4
4.8556,0.0013,0.1528,5220.6,4
4.9503,0.0013,0.1528,5221.3,4
5.0505,0.0013,0.1529,5221.8,4
5.1506,0.0013,0.1529,5222.5,4
5.2502,0.0014,0.1529,5223,4
5.3502,0.0014,0.153,5223.5,4
5.4502,0.0014,0.153,5223.9,4
5.5502,0.0015,0.153,5224.2,4
5.6503,0.0015,0.1531,5224.8,4
5.7504,0.0015,0.1531,5224.9,4
5.8562,0.0015,0.1531,5225.5,4
5.9507,0.0016,0.1532,5225.8,4
6.0501,0.0016,0.1532,5226.2,4
6.1511,0.0017,0.1532,5226.3,4
6.2501,0.0017,0.1533,5226.5,4
6.3503,0.0017,0.1533,5226.9,4
6.4502,0.0017,0.1533,5227,4
6.5502,0.0017,0.1534,5227,4
6.6502,0.0018,0.1534,5227,4
6.7501,0.0018,0.1534,5227,4
6.8561,0.0018,0.1534,5226.9,4
6.9501,0.0018,0.1535,5226.9,4
7.0501,0.0018,0.1535,5226.7,4
7.1501,0.0018,0.1535,5226.3,4
7.2502,0.0018,0.1535,5226.2,4
7.3501,0.0018,0.1535,5226.2,4
7.4501,0.0018,0.1536,5225.8,4
7.5501,0.0018,0.1536,5225.6,4
7.6501,0.0018,0.1536,5225.5,4
7.7501,0.0018,0.1536,5225.3,4
7.8562,0.0018,0.1536,5224.9,4
7.9502,0.0019,0.1537,5224.6,4
8.0501,0.0019,0.1537,5224.2,4
8.1501,0.0019,0.1537,5223.5,4
8.2501,0.0019,0.1538,5223.2,4
8.3501,0.002,0.1538,5222.5,4
8.4502,0.002,0.1538,5222,4
8.5501,0.002,0.1539,5221.5,4
8.6501,0.0021,0.1539,5220.8,4
8.7501,0.0021,0.1539,5219.9,4
8.8561,0.0022,0.1539,5219.4,4
8.9501,0.0023,0.1538,5218.7,4
9.0501,0.0024,0.1537,5218.1,4
9.1502,0.0025,0.1536,5217.6,4
9.2501,0.0026,0.1534,5217.3,4
9.3505,0.0028,0.1531,5216.9,4
9.4501,0.003,0.1528,5216.7,4
9.5502,0.0032,0.1525,5216.9,4
9.6501,0.0034,0.1521,5216.9,4
9.7506,0.0037,0.1516,5217.3,4
9.856,0.0039,0.1511,5218,4
9.9509,0.0042,0.1505,5218.7,4
10.05,0.0045,0.1498,5219.7,4
10.15,0.0049,0.1491,5220.6,4
10.25,0.0053,0.1482,5222,4
10.35,0.0056,0.1473,5223.5,4
10.45,0.0059,0.1464,5225.1,4
10.551,0.0062,0.1455,5227,4
10.651,0.0065,0.1444,5228.8,4
10.75,0.0068,0.1433,5230.9,4
10.856,0.007,0.1423,5233.1,4
10.95,0.0073,0.1411,5235.4,4
11.05,0.0076,0.14,5237.9,4
11.151,0.0079,0.1388,5240.3,4
11.251,0.0083,0.1376,5242.9,4
11.35,0.0086,0.1364,5245.7,4
11.45,0.009,0.1352,5248.5,4
11.55,0.0094,0.134,5251.3,4
11.65,0.0099,0.1328,5253.9,4
11.75,0.0104,0.1316,5256.9,4
11.856,0.0109,0.1303,5259.8,4
11.95,0.0115,0.1291,5262.5,4
12.05,0.0121,0.1278,5265.1,4
12.15,0.0127,0.1265,5267.9,4
12.25,0.0133,0.1252,5270.5,4
12.35,0.014,0.1239,5273.1,4
12.45,0.0148,0.1225,5275.4,4
12.55,0.0155,0.1211,5277.7,4
12.65,0.0163,0.1197,5279.7,4
12.75,0.017,0.1182,5281.8,4
12.857,0.0178,0.1167,5283.8,4
12.95,0.0186,0.1152,5285.5,4
13.05,0.0193,0.1137,5287.1,4
13.15,0.0202,0.1121,5288.1,4
13.25,0.0209,0.1106,5289.3,4
13.35,0.0218,0.109,5290.4,4
13.45,0.0226,0.1074,5291.3,4
13.55,0.0233,0.1058,5292.1,4
13.65,0.0242,0.1042,5293,4
13.75,0.0249,0.1027,5293.7,4
13.856,0.0257,0.1011,5294.4,4
13.95,0.0264,0.0996,5294.9,4
14.05,0.0272,0.0981,5295.3,4
14.15,0.028,0.0966,5295.6,4
14.25,0.0288,0.0951,5295.8,4
14.35,0.0295,0.0936,5295.8,4
14.45,0.0303,0.0921,5296,4
14.55,0.0311,0.0907,5296,4
14.65,0.0319,0.0893,5296,4
14.75,0.0327,0.0879,5295.6,4
14.856,0.0335,0.0866,5295.1,4
14.95,0.0343,0.0852,5294.6,4
15.05,0.0351,0.0839,5294.1,4
15.15,0.0359,0.0825,5293.5,4
15.25,0.0367,0.0812,5293,4
15.35,0.0375,0.0799,5292.3,4
15.45,0.0383,0.0786,5291.6,4
15.55,0.0391,0.0773,5291.1,4
15.65,0.0399,0.076,5290.7,4
15.75,0.0406,0.0747,5290.4,4
15.855,0.0414,0.0735,5290,4
15.95,0.0421,0.0723,5289.9,4
16.05,0.0428,0.0711,5289.5,4
16.15,0.0435,0.0699,5289.5,4
16.25,0.0442,0.0687,5289.7,4
16.35,0.0448,0.0676,5289.5,4
16.45,0.0455,0.0665,5289.2,4
16.55,0.0461,0.0655,5289.2,4
16.65,0.0467,0.0644,5289.3,4
16.75,0.0473,0.0634,5289.5,4
16.855,0.0478,0.0624,5289.5,4
16.95,0.0484,0.0615,5289.7,4
17.05,0.0489,0.0605,5290.2,4
17.15,0.0494,0.0596,5290.9,4
17.25,0.0499,0.0587,5291.6,4
17.35,0.0505,0.0578,5292.7,4
17.45,0.0509,0.057,5293.5,4
17.55,0.0514,0.0561,5294.8,4
17.65,0.0519,0.0554,5295.8,4
17.75,0.0523,0.0546,5297,4
17.856,0.0527,0.0539,5298.6,4
17.95,0.0532,0.0531,5300.2,4
18.05,0.0536,0.0525,5301.9,4
18.15,0.054,0.0518,5303.3,4
18.25,0.0544,0.0512,5305.1,4
18.35,0.0548,0.0506,5306.6,4
18.45,0.0552,0.05,5308,4
18.55,0.0557,0.0494,5309.6,4
18.65,0.0562,0.0488,5310.8,4
18.75,0.0566,0.0482,5312.2,4
18.856,0.057,0.0477,5313.6,4
18.95,0.0575,0.0471,5315,4
19.05,0.0579,0.0465,5316.6,4
19.15,0.0583,0.0459,5317.8,4
19.25,0.0587,0.0453,5319.4,4
19.35,0.0591,0.0446,5320.8,4
19.45,0.0595,0.044,5322,4
19.55,0.0599,0.0434,5323.4,4
19.65,0.0603,0.0427,5324.6,4
19.75,0.0606,0.042,5326,4
19.856,0.061,0.0414,5327.2,4
19.95,0.0613,0.0407,5328.6,4
20.05,0.0617,0.0401,5330,4
20.15,0.062,0.0394,5331.8,4
20.25,0.0623,0.0387,5333,4
20.35,0.0626,0.0381,5334.2,4
20.45,0.0629,0.0374,5335.8,4
20.55,0.0632,0.0368,5337.3,4
20.65,0.0636,0.0362,5338.7,4
20.75,0.0639,0.0356,5340.1,4
20.856,0.0643,0.035,5341.7,4
20.95,0.0646,0.0344,5343.1,4
21.05,0.065,0.0339,5344.7,4
21.15,0.0654,0.0333,5346.2,4
21.25,0.0657,0.0328,5347.6,4
21.35,0.0661,0.0323,5349.2,4
21.45,0.0664,0.0318,5350.4,4
21.55,0.0668,0.0314,5351.7,4
21.65,0.0671,0.0309,5353,4
21.75,0.0674,0.0304,5354.3,4
21.855,0.0678,0.03,5355.3,4
21.95,0.0681,0.0296,5356.5,4
22.05,0.0684,0.0292,5357.6,4
22.15,0.0687,0.0288,5358.6,4
22.25,0.0689,0.0283,5359.7,4
22.35,0.0692,0.028,5360.6,4
22.45,0.0694,0.0276,5361.4,4
22.55,0.0696,0.0272,5362.5,4
22.65,0.0699,0.0268,5363,4
22.75,0.07,0.0265,5363.7,4
22.856,0.0702,0.0262,5364.4,4
22.95,0.0704,0.0259,5364.9,4
23.05,0.0706,0.0256,5365.3,4
23.15,0.0707,0.0253,5365.6,4
23.25,0.0709,0.025,5365.8,4
23.35,0.0711,0.0248,5366,4
23.45,0.0712,0.0245,5366.1,4
23.55,0.0714,0.0243,5366.1,4
23.65,0.0715,0.0241,5366,4
23.75,0.0717,0.0239,5365.8,4
23.856,0.0718,0.0237,5365.8,4
23.95,0.072,0.0235,5365.8,4
24.05,0.0722,0.0233,5365.8,4
24.15,0.0724,0.0231,5366,4
24.25,0.0726,0.0229,5366,4
24.35,0.0727,0.0227,5366.1,4
24.45,0.0729,0.0226,5366.3,4
24.55,0.0731,0.0224,5366.3,4
24.65,0.0733,0.0222,5366.3,4
24.75,0.0735,0.022,5366.5,4
24.856,0.0737,0.0218,5366.8,4
24.95,0.0738,0.0216,5367,4
25.05,0.074,0.0214,5367.4,4
25.15,0.0742,0.0212,5367.5,4
25.25,0.0744,0.021,5367.9,4
25.35,0.0745,0.0208,5367.9,4
25.45,0.0747,0.0206,5368.2,4
25.55,0.0748,0.0204,5368.4,4
25.65,0.075,0.0202,5368.8,4
25.75,0.0751,0.02,5369.1,4
25.855,0.0753,0.0198,5369.3,4
25.95,0.0755,0.0196,5369.6,4
26.05,0.0756,0.0194,5370,4
26.15,0.0758,0.0192,5370.2,4
26.25,0.076,0.019,5370.3,4
26.35,0.0762,0.0188,5370.5,4
26.45,0.0763,0.0187,5370.9,4
26.55,0.0765,0.0185,5371.2,4
26.65,0.0767,0.0183,5371.7,4
26.75,0.0768,0.0181,5372.1,4
26.856,0.077,0.018,5372.4,4
26.95,0.0772,0.0178,5372.8,4
27.05,0.0774,0.0177,5373.1,4
27.15,0.0775,0.0175,5373.6,4
27.25,0.0777,0.0173,5374,4
27.35,0.0779,0.0172,5374.5,4
27.45,0.078,0.017,5374.9,4
27.55,0.0783,0.0168,5375.2,4
27.65,0.0784,0.0167,5375.7,4
27.75,0.0786,0.0165,5376.3,4
27.855,0.0788,0.0164,5376.6,4
27.95,0.079,0.0162,5377.3,4
28.05,0.0792,0.016,5377.7,4
28.15,0.0794,0.0158,5378.2,4
28.25,0.0795,0.0157,5378.5,4
28.35,0.0797,0.0155,5379.1,4
28.45,0.0799,0.0153,5379.6,4
28.55,0.0801,0.0152,5380.1,4
28.65,0.0803,0.015,5380.6,4
28.75,0.0804,0.0148,5381.1,4
28.855,0.0806,0.0146,5381.8,4
28.95,0.0808,0.0145,5382.4,4
29.05,0.0809,0.0143,5382.9,4
29.15,0.0811,0.0142,5383.2,4
29.25,0.0813,0.014,5383.8,4
29.35,0.0815,0.0138,5384.3,4
29.45,0.0817,0.0137,5384.8,4
29.55,0.0818,0.0135,5385.5,4
29.65,0.082,0.0134,5386,4
29.75,0.0822,0.0132,5386.7,4
29.856,0.0824,0.0131,5387.4,4
29.95,0.0826,0.0129,5388,4
30.05,0.0828,0.0128,5388.5,4
30.15,0.083,0.0127,5389.2,4
30.25,0.0832,0.0125,5389.7,4
30.35,0.0834,0.0124,5390.4,4
30.45,0.0836,0.0122,5391.1,4
30.55,0.0838,0.0121,5392,4
30.65,0.0841,0.0119,5392.7,4
30.75,0.0842,0.0118,5393.4,4
30.856,0.0844,0.0116,5394.1,4
30.95,0.0846,0.0115,5394.6,4
31.05,0.0848,0.0114,5395.1,4
31.15,0.085,0.0112,5395.6,4
31.25,0.0852,0.0111,5396.5,4
31.35,0.0854,0.0109,5397.2,4
31.45,0.0856,0.0108,5397.9,4
31.55,0.0858,0.0106,5398.6,4
31.65,0.086,0.0105,5399.3,4
31.75,0.0861,0.0103,5400.2,4
31.855,0.0863,0.0102,5400.9,4
31.95,0.0865,0.01,5401.6,4
32.05,0.0867,0.0099,5402.3,4
32.15,0.0869,0.0097,5402.8,4
32.25,0.0871,0.0096,5403.5,4
32.35,0.0873,0.0095,5404.2,4
32.45,0.0875,0.0093,5404.7,4
32.55,0.0877,0.0092,5405.4,4
32.65,0.0879,0.0091,5406.3,4
32.75,0.0881,0.009,5407,4
32.855,0.0883,0.0088,5407.9,4
32.95,0.0885,0.0087,5408.6,4
33.05,0.0888,0.0086,5409.4,4
33.15,0.089,0.0084,5410.3,4
33.25,0.0892,0.0083,5411.2,4
33.35,0.0894,0.0082,5411.9,4
33.45,0.0896,0.0081,5412.6,4
33.55,0.0898,0.0079,5413.6,4
33.65,0.09,0.0078,5414.3,4
33.75,0.0902,0.0077,5415.2,4
33.854,0.0904,0.0075,5415.9,4
33.95,0.0906,0.0074,5416.6,4
34.05,0.0908,0.0073,5417.1,4
34.15,0.091,0.0071,5417.6,4
34.25,0.0912,0.007,5418.3,4
34.35,0.0914,0.0069,5418.8,4
34.45,0.0917,0.0068,5419.5,4
34.55,0.0919,0.0066,5420.1,4
34.65,0.0921,0.0065,5420.8,4
34.75,0.0923,0.0064,5421.5,4
34.854,0.0924,0.0062,5422.2,4
34.95,0.0926,0.0061,5422.7,4
35.05,0.0928,0.006,5423.4,4
35.15,0.0931,0.0059,5424.1,4
35.25,0.0933,0.0057,5424.6,4
35.35,0.0935,0.0056,5425.3,4
35.45,0.0937,0.0055,5425.8,4
35.55,0.0939,0.0054,5426.4,4
35.65,0.0942,0.0052,5426.9,4
35.75,0.0944,0.0051,5427.4,4
35.855,0.0946,0.005,5427.9,4
35.95,0.0948,0.0049,5428.4,4
36.05,0.095,0.0048,5429,4
36.15,0.0953,0.0047,5429.5,4
36.25,0.0955,0.0046,5430,4
36.35,0.0957,0.0045,5430.5,4
36.45,0.0959,0.0044,5431.1,4
36.55,0.0961,0.0043,5431.4,4
36.65,0.0963,0.0041,5431.9,4
36.75,0.0966,0.004,5432.3,4
36.855,0.0968,0.0039,5432.6,4
36.95,0.097,0.0038,5433,4
37.05,0.0972,0.0037,5433.5,4
37.15,0.0974,0.0036,5434,4
37.25,0.0976,0.0035,5434.4,4
37.35,0.0978,0.0034,5434.9,4
37.45,0.098,0.0032,5435.4,4
37.55,0.0983,0.0031,5435.6,4
37.65,0.0985,0.003,5436,4
37.75,0.0987,0.0029,5436.3,4
37.855,0.0989,0.0028,5436.7,4
37.95,0.0992,0.0027,5436.8,4
38.05,0.0994,0.0025,5437.2,4
38.15,0.0996,0.0024,5437.5,4
38.25,0.0998,0.0023,5437.7,4
38.35,0.1,0.0022,5438,4
38.45,0.1002,0.0021,5438.4,4
38.55,0.1004,0.002,5438.4,4
38.65,0.1006,0.0019,5438.9,4
38.75,0.1009,0.0018,5439.3,4
38.855,0.1011,0.0017,5439.4,4
38.95,0.1013,0.0016,5439.8,4
39.05,0.1015,0.0015,5440,4
39.15,0.1017,0.0014,5440.1,4
39.25,0.1019,0.0014,5440.3,4
39.349,0.1022,0.0013,5440.5,4
39.45,0.1024,0.0012,5440.5,4
39.55,0.1026,0.0011,5440.7,4
39.649,0.1028,0.001,5440.7,4
39.75,0.103,0.0009,5440.7,4
39.854,0.1032,0.0008,5440.7,4
39.95,0.1035,0.0007,5440.7,4
40.05,0.1037,0.0006,5440.8,4
40.15,0.1039,0.0005,5440.7,4
40.25,0.1041,0.0004,5440.5,4
40.35,0.1043,0.0004,5440.5,4
40.45,0.1045,0.0003,5440.5,4
40.55,0.1048,0.0003,5440.5,4
40.65,0.105,0.0002,5440.1,4
40.75,0.1052,0.0002,5440,4
40.854,0.1054,0.0001,5439.6,4
40.95,0.1057,0.0001,5439.3,4
41.05,0.1059,0.0001,5438.7,4
41.15,0.1061,0,5438.2,4
41.249,0.1064,0,5437.7,4
41.349,0.1067,0,5437,4
41.45,0.1069,0,5436.5,4
41.55,0.1071,0,5436,4
41.65,0.1074,0,5435.4,4
41.75,0.1077,0,5434.6,4
41.855,0.1079,0,5433.9,4
41.949,0.1081,0.0001,5433,4
42.05,0.1084,0.0001,5431.9,4
42.149,0.1086,0.0002,5431.1,4
42.249,0.1089,0.0002,5430.2,4
42.349,0.1092,0.0003,5429.1,4
42.449,0.1095,0.0004,5428.1,4
42.549,0.1098,0.0005,5426.9,4
42.65,0.1101,0.0005,5426,4
42.749,0.1104,0.0006,5425,4
42.855,0.1107,0.0008,5423.9,4
42.949,0.1111,0.0009,5423,4
43.049,0.1114,0.0011,5422.2,4
43.149,0.1118,0.0013,5421.1,4
43.25,0.1122,0.0014,5420.4,4
43.349,0.1126,0.0016,5419.4,4
43.449,0.113,0.0018,5418.7,4
43.549,0.1134,0.002,5418.2,4
43.649,0.1138,0.0022,5417.5,4
43.749,0.1141,0.0025,5416.9,4
43.855,0.1146,0.0027,5416.4,4
43.949,0.115,0.003,5415.9,4
44.049,0.1154,0.0032,5415.4,4
44.149,0.1159,0.0035,5415,4
44.249,0.1163,0.0037,5414.7,4
44.349,0.1167,0.004,5414.5,4
44.449,0.1171,0.0042,5414.3,4
44.55,0.1175,0.0045,5414.1,4
44.649,0.1179,0.0048,5414.1,4
44.749,0.1183,0.0051,5414.1,4
44.855,0.1188,0.0053,5414.1,4
44.949,0.1191,0.0056,5414.5,4
45.049,0.1195,0.0059,5414.7,4
45.15,0.1199,0.0062,5415,4
45.249,0.1203,0.0065,5415.4,4
45.349,0.1208,0.0068,5415.9,4
45.449,0.1212,0.0072,5416.2,4
45.549,0.1217,0.0075,5416.9,4
45.649,0.1222,0.0079,5417.6,4
45.749,0.1227,0.0082,5418.3,4
45.855,0.1232,0.0086,5419.2,4
45.949,0.1237,0.009,5420.1,4
46.049,0.1242,0.0094,5420.9,4
46.149,0.1246,0.0097,5422,4
46.249,0.1251,0.0101,5423,4
46.349,0.1255,0.0104,5424.1,4
46.449,0.1259,0.0107,5425.1,4
46.549,0.1263,0.011,5426.2,4
46.649,0.1266,0.0112,5427.6,4
46.75,0.127,0.0114,5428.8,4
46.855,0.1273,0.0116,5430.2,4
46.949,0.1276,0.0118,5431.2,4
47.049,0.1279,0.0119,5432.5,4
47.149,0.1281,0.0121,5433.9,4
47.249,0.1283,0.0122,5435.3,4
47.35,0.1286,0.0124,5436.5,4
47.45,0.1288,0.0125,5437.7,4
47.55,0.1291,0.0126,5439.3,4
47.649,0.1293,0.0128,5440.5,4
47.749,0.1296,0.0129,5441.9,4
47.855,0.1299,0.0131,5443.1,4
47.949,0.1302,0.0132,5444.3,4
48.049,0.1305,0.0134,5445.6,4
48.149,0.1308,0.0137,5446.8,4
48.249,0.1312,0.0139,5448.2,4
48.349,0.1315,0.0141,5449.2,4
48.449,0.1319,0.0144,5450.4,4
48.549,0.1323,0.0146,5451.7,4
48.649,0.1327,0.0149,5452.7,4
48.749,0.1331,0.0151,5453.9,4
48.855,0.1335,0.0154,5455.2,4
48.949,0.1339,0.0157,5456.4,4
49.049,0.1343,0.0159,5457.8,4
49.149,0.1346,0.0161,5458.8,4
49.249,0.1349,0.0163,5460,4
49.349,0.1353,0.0165,5461.3,4
49.449,0.1356,0.0167,5462.3,4
49.549,0.1359,0.0168,5463.7,4
49.649,0.1362,0.017,5464.9,4
49.749,0.1365,0.0172,5466,4
49.855,0.1367,0.0173,5467.2,4
49.949,0.137,0.0174,5468.4,4
50.049,0.1373,0.0175,5469.5,4
50.149,0.1375,0.0176,5470.7,4
50.249,0.1377,0.0177,5471.9,4
50.349,0.138,0.0179,5473,4
50.449,0.1382,0.018,5474,4
50.549,0.1385,0.0181,5475.2,4
50.649,0.1387,0.0182,5476.3,4
50.749,0.139,0.0183,5477.3,4
50.855,0.1393,0.0184,5478.4,4
50.949,0.1396,0.0186,5479.2,4
51.049,0.1398,0.0187,5480.5,4
51.149,0.1401,0.0189,5481.5,4
51.249,0.1405,0.0191,5482.6,4
51.349,0.1408,0.0193,5483.6,4
51.449,0.1411,0.0195,5484.5,4
51.549,0.1414,0.0197,5485.3,4
51.649,0.1417,0.0199,5486.4,4
51.749,0.1421,0.0201,5487.3,4
51.855,0.1424,0.0203,5488.1,4
51.949,0.1427,0.0205,5489.2,4
52.049,0.143,0.0207,5490.1,4
52.149,0.1434,0.0209,5490.9,4
52.249,0.1436,0.021,5491.6,4
52.349,0.1439,0.0212,5492.5,4
52.449,0.1442,0.0213,5493.4,4
52.549,0.1445,0.0214,5494.2,4
52.649,0.1447,0.0216,5494.9,4
52.75,0.145,0.0217,5495.6,4
52.855,0.1452,0.0218,5496.3,4
52.949,0.1455,0.0219,5497.2,4
53.049,0.1457,0.022,5497.9,4
53.149,0.1459,0.022,5498.6,4
53.249,0.1461,0.0221,5499.5,4
53.349,0.1464,0.0222,5500.2,4
53.45,0.1466,0.0223,5501.1,4
53.55,0.1468,0.0224,5501.8,4
53.649,0.1471,0.0225,5502.4,4
53.749,0.1473,0.0226,5503.1,4
53.855,0.1476,0.0227,5503.7,4
53.949,0.1478,0.0229,5504.4,4
54.049,0.1481,0.023,5505.2,4
54.149,0.1484,0.0231,5505.8,4
54.249,0.1487,0.0233,5506.3,4
54.349,0.149,0.0235,5506.8,4
54.449,0.1493,0.0236,5507.3,4
54.549,0.1495,0.0237,5507.9,4
54.65,0.1499,0.0239,5508.4,4
54.749,0.1501,0.0241,5508.9,4
54.855,0.1504,0.0242,5509.4,4
54.949,0.1507,0.0244,5510.1,4
55.049,0.1509,0.0246,5510.7,4
55.149,0.1512,0.0247,5511.2,4
55.249,0.1514,0.0248,5511.7,4
55.349,0.1517,0.0249,5512,4
55.449,0.1519,0.025,5512.6,4
55.549,0.1522,0.0252,5512.9,4
55.649,0.1524,0.0252,5513.4,4
55.749,0.1526,0.0253,5514,4
55.855,0.1528,0.0254,5514.7,4
55.949,0.153,0.0255,5515,4
56.049,0.1533,0.0256,5515.7,4
56.149,0.1535,0.0257,5516.1,4
56.249,0.1537,0.0258,5516.6,4
56.349,0.1539,0.0259,5517.1,4
56.45,0.1541,0.0259,5517.8,4
56.549,0.1543,0.026,5518.3,4
56.649,0.1546,0.0261,5518.7,4
56.749,0.1548,0.0262,5519.2,4
56.854,0.155,0.0263,5519.6,4
56.95,0.1552,0.0264,5520.1,4
57.049,0.1555,0.0266,5520.4,4
57.149,0.1557,0.0267,5520.9,4
57.249,0.1559,0.0268,5521.6,4
57.349,0.1562,0.0269,5522.3,4
57.449,0.1564,0.027,5523,4
57.549,0.1566,0.0271,5523.7,4
57.649,0.1569,0.0273,5524.6,4
57.749,0.1571,0.0274,5525.5,4
57.854,0.1573,0.0275,5526.5,4
57.949,0.1575,0.0276,5527.4,4
58.049,0.1577,0.0277,5528.5,4
58.149,0.1579,0.0278,5529.5,4
58.249,0.158,0.0279,5530.5,4
58.349,0.1582,0.0279,5531.8,4
58.449,0.1584,0.028,5532.8,4
58.549,0.1585,0.028,5534,4
58.649,0.1586,0.028,5535.3,4
58.749,0.1588,0.0281,5536.7,4
58.854,0.1589,0.0281,5538.1,4
58.949,0.159,0.0281,5539.5,4
59.049,0.1591,0.0281,5540.8,4
59.149,0.1593,0.0281,5542.2,4
59.249,0.1594,0.0281,5544,4
59.349,0.1594,0.0281,5545.7,4
59.45,0.1595,0.0281,5547.5,4
59.549,0.1597,0.0281,5549.2,4
59.649,0.1597,0.028,5551.1,4
59.749,0.1598,0.028,5552.9,4
59.855,0.1599,0.0279,5554.6,4
59.949,0.1599,0.0278,5556.6,4
60.049,0.16,0.0277,5558.3,4
60.149,0.16,0.0276,5560,4
60.249,0.1601,0.0275,5562,4
60.349,0.1601,0.0273,5563.5,4
60.449,0.1601,0.0272,5565.3,4
60.549,0.1601,0.027,5567,4
60.649,0.1601,0.0268,5568.4,4
60.749,0.1601,0.0266,5570,4
60.855,0.1601,0.0264,5571.6,4
60.949,0.1601,0.0262,5573.1,4
61.049,0.1601,0.026,5574.7,4
61.149,0.1601,0.0258,5576.1,4
61.249,0.1601,0.0256,5577.7,4
61.349,0.1601,0.0254,5579.1,4
61.449,0.16,0.0252,5580.5,4
61.549,0.16,0.025,5581.9,4
61.649,0.16,0.0247,5583.1,4
61.749,0.1599,0.0245,5584.1,4
61.854,0.1599,0.0243,5585.4,4
61.949,0.1599,0.024,5586.6,4
62.049,0.1598,0.0238,5587.4,4
62.149,0.1598,0.0236,5588.7,4
62.249,0.1597,0.0233,5589.7,4
62.349,0.1597,0.023,5590.8,4
62.449,0.1596,0.0227,5592,4
62.549,0.1595,0.0224,5593,4
62.649,0.1594,0.022,5594.3,4
62.749,0.1593,0.0217,5595.5,4
62.854,0.1592,0.0213,5596.5,4
62.949,0.1591,0.0209,5597.6,4
63.049,0.159,0.0205,5598.8,4
63.149,0.1589,0.0202,5599.7,4
63.249,0.1588,0.0199,5600.5,4
63.349,0.1587,0.0195,5601.6,4
63.449,0.1587,0.0192,5602.5,4
63.549,0.1586,0.019,5603.3,4
63.649,0.1586,0.0187,5604,4
63.749,0.1586,0.0185,5604.9,4
63.854,0.1587,0.0184,5605.8,4
63.949,0.1587,0.0182,5606.6,4
64.049,0.1587,0.018,5607.5,4
64.149,0.1588,0.0179,5608.4,4
64.249,0.1589,0.0178,5609.1,4
64.349,0.1589,0.0177,5610,4
64.449,0.159,0.0176,5610.8,4
64.549,0.159,0.0175,5611.5,4
64.649,0.1591,0.0174,5612.4,4
64.749,0.1592,0.0173,5613.3,4
64.854,0.1592,0.0172,5614.5,4
64.949,0.1593,0.017,5615.5,4
65.049,0.1593,0.0168,5616.4,4
65.149,0.1593,0.0166,5617.5,4
65.249,0.1594,0.0164,5618.3,4
65.349,0.1594,0.0162,5619.2,4
65.449,0.1594,0.016,5620.3,4
65.549,0.1594,0.0157,5621.3,4
65.649,0.1594,0.0155,5622.5,4
65.749,0.1594,0.0152,5623.6,4
65.854,0.1594,0.0149,5624.6,4
65.949,0.1594,0.0147,5625.7,4
66.049,0.1594,0.0144,5626.9,4
66.149,0.1594,0.0142,5627.9,4
66.249,0.1594,0.014,5629,4
66.349,0.1594,0.0137,5629.9,4
66.449,0.1594,0.0135,5630.9,4
66.549,0.1594,0.0133,5632.1,4
66.649,0.1595,0.0132,5633,4
66.749,0.1596,0.013,5634,4
66.854,0.1596,0.0128,5635.1,4
66.949,0.1597,0.0127,5636,4
67.049,0.1598,0.0126,5637,4
67.149,0.1599,0.0125,5638.1,4
67.249,0.16,0.0124,5639.1,4
67.349,0.1601,0.0123,5640.2,4
67.449,0.1602,0.0122,5641.2,4
67.549,0.1603,0.0121,5642.3,4
67.649,0.1604,0.012,5643.3,4
67.749,0.1605,0.0119,5644.3,4
67.854,0.1606,0.0117,5645.2,4
67.949,0.1607,0.0116,5646.3,4
68.049,0.1607,0.0115,5647.5,4
68.149,0.1608,0.0113,5648.5,4
68.249,0.1608,0.0111,5649.8,4
68.349,0.1609,0.011,5651,4
68.449,0.1609,0.0108,5652,4
68.549,0.161,0.0106,5653.1,4
68.649,0.161,0.0104,5654.1,4
68.749,0.161,0.0102,5655.2,4
68.854,0.1611,0.01,5656.2,4
68.949,0.1611,0.0098,5657.1,4
69.049,0.1612,0.0096,5658.1,4
69.149,0.1612,0.0094,5659,4
69.249,0.1613,0.0093,5659.9,4
69.349,0.1614,0.0091,5660.9,4
69.449,0.1615,0.0089,5662,4
69.549,0.1616,0.0088,5663,4
69.649,0.1616,0.0087,5663.9,4
69.749,0.1617,0.0086,5664.9,4
69.854,0.1618,0.0085,5665.8,4
69.949,0.162,0.0083,5666.9,4
70.049,0.162,0.0083,5667.9,4
70.149,0.1621,0.0082,5669,4
70.249,0.1622,0.0081,5670,4
70.349,0.1623,0.008,5671,4
70.449,0.1625,0.008,5671.9,4
70.549,0.1626,0.0079,5672.8,4
70.649,0.1627,0.0078,5673.8,4
70.749,0.1628,0.0077,5674.7,4
70.854,0.163,0.0076,5675.8,4
70.949,0.1631,0.0075,5677,4
71.049,0.1632,0.0074,5678.2,4
71.149,0.1633,0.0073,5679.3,4
71.249,0.1633,0.0071,5680.3,4
71.349,0.1634,0.007,5681.2,4
71.449,0.1635,0.0069,5682,4
71.55,0.1636,0.0067,5683.3,4
71.649,0.1636,0.0066,5684.1,4
71.749,0.1637,0.0065,5685.4,4
71.854,0.1638,0.0063,5686.2,4
71.949,0.1639,0.0062,5687.1,4
72.049,0.164,0.0061,5688,4
72.149,0.1641,0.006,5689,4
72.249,0.1641,0.0058,5690.2,4
72.349,0.1642,0.0057,5691.3,4
72.449,0.1644,0.0056,5692.3,4
72.549,0.1645,0.0055,5693.4,4
72.649,0.1646,0.0054,5694.4,4
72.749,0.1647,0.0053,5695.5,4
72.855,0.1648,0.0053,5696.5,4
72.949,0.1649,0.0052,5697.4,4
73.049,0.1651,0.0052,5698.3,4
73.149,0.1652,0.0051,5699.3,4
73.249,0.1653,0.0051,5700.4,4
73.349,0.1654,0.005,5701.2,4
73.449,0.1655,0.005,5702.3,4
73.549,0.1657,0.0049,5703.3,4
73.649,0.1658,0.0049,5704.4,4
73.749,0.1659,0.0048,5705.4,4
73.854,0.166,0.0047,5706.5,4
73.949,0.1661,0.0047,5707.4,4
74.049,0.1663,0.0046,5708.4,4
74.149,0.1664,0.0045,5709.4,4
74.249,0.1665,0.0044,5710.7,4
74.349,0.1666,0.0043,5711.7,4
74.449,0.1667,0.0042,5712.9,4
