0.098308,0.039,0.2268,1726.6,4
0.19834,0.039,0.2267,1726.4,4
0.29788,0.039,0.2265,1725.9,4
0.39785,0.039,0.2265,1725.6,4
0.49786,0.039,0.2262,1725.4,4
0.59787,0.039,0.226,1725.2,4
0.70378,0.039,0.2259,1725,4
0.79785,0.039,0.2257,1724.7,4
0.89786,0.039,0.2257,1724.5,4
0.99782,0.0389,0.2254,1724,4
1.0983,0.0389,0.2252,1723.8,4
1.1978,0.0389,0.2251,1723.6,4
1.2979,0.0389,0.2249,1723.3,4
1.3978,0.0389,0.2249,1722.9,4
1.4978,0.0388,0.2246,1722.9,4
1.5978,0.0388,0.2244,1722.8,4
1.7033,0.0388,0.2243,1722.6,4
1.7978,0.0387,0.2241,1722.4,4
1.8978,0.0387,0.2241,1722.2,4
1.9978,0.0387,0.2238,1721.9,4
2.0978,0.0387,0.2237,1721.5,4
2.1978,0.0387,0.2235,1721.4,4
2.2978,0.0387,0.2234,1721.2,4
2.3978,0.0387,0.2234,1720.8,4
2.4978,0.0388,0.2231,1720.7,4
2.5978,0.0388,0.2229,1720.8,4
2.7032,0.0388,0.2228,1721,4
2.7978,0.0388,0.2226,1721.4,4
2.8978,0.0388,0.2226,1721.9,4
2.9978,0.039,0.2222,1722.8,4
3.0983,0.039,0.222,1724,4
3.1978,0.0391,0.2219,1725.6,4
3.2987,0.0391,0.2217,1727.1,4
3.3978,0.0391,0.2217,1729,4
3.4978,0.0391,0.2213,1731.1,4
3.5978,0.0392,0.2211,1733.6,4
3.7026,0.0393,0.2209,1736,4
3.7978,0.0393,0.2207,1738.8,4
3.8978,0.0393,0.2207,1742,4
3.9978,0.0393,0.2202,1745.3,4
4.0978,0.0394,0.2201,1748.8,4
4.1978,0.0394,0.2198,1752.4,4
4.2978,0.0394,0.2197,1756.3,4
4.3978,0.0394,0.2197,1760.5,4
4.4978,0.0394,0.2193,1765,4
4.5987,0.0395,0.2191,1769.5,4
4.7029,0.0395,0.2189,1774.3,4
4.7978,0.0395,0.2188,1779.3,4
4.8978,0.0395,0.2188,1784.5,4
4.9978,0.0396,0.2184,1790,4
5.0979,0.0397,0.2182,1795.5,4
5.1979,0.0398,0.2181,1801.1,4
5.2981,0.0399,0.2179,1807.1,4
5.3983,0.0399,0.2179,1813.2,4
5.4978,0.0401,0.2176,1819.5,4
5.5978,0.0403,0.2174,1825.9,4
5.7031,0.0404,0.2172,1832.7,4
5.7978,0.0405,0.217,1839.7,4
5.898,0.0405,0.217,1846.7,4
5.9981,0.0408,0.2167,1853.5,4
6.0978,0.0409,0.2165,1860.8,4
6.1977,0.041,0.2164,1868.3,4
6.2977,0.0412,0.2162,1875.8,4
6.3977,0.0412,0.2162,1883.5,4
6.4977,0.0414,0.2158,1891.2,4
6.5977,0.0416,0.2157,1898.9,4
6.7031,0.0417,0.2155,1906.9,4
6.7978,0.0418,0.2153,1914.8,4
6.8977,0.0418,0.2153,1922.8,4
6.9977,0.0421,0.215,1931,4
7.0978,0.0422,0.2148,1939.2,4
7.1977,0.0423,0.2145,1947.4,4
7.2977,0.0424,0.2144,1955.8,4
7.3977,0.0424,0.2144,1964.1,4
7.4977,0.0427,0.214,1972.7,4
7.5977,0.0428,0.2138,1981.4,4
7.7035,0.0429,0.2136,1990.1,4
7.7982,0.043,0.2134,1998.9,4
7.8978,0.043,0.2134,2007.8,4
7.9977,0.0433,0.213,2016.7,4
8.0978,0.0435,0.2128,2025.8,4
8.1979,0.0436,0.2126,2034.7,4
8.2977,0.0438,0.2124,2043.7,4
8.3977,0.0438,0.2124,2053,4
8.4979,0.0442,0.212,2062.1,4
8.5977,0.0443,0.2118,2071.3,4
8.703,0.0445,0.2116,2080.6,4
8.7977,0.0447,0.2114,2089.6,4
8.8977,0.0447,0.2114,2098.9,4
8.9977,0.0451,0.211,2108.1,4
9.0977,0.0453,0.2108,2117,4
9.1977,0.0455,0.2106,2126.3,4
9.2978,0.0457,0.2103,2135.5,4
9.3978,0.0457,0.2103,2144.4,4
9.4977,0.0461,0.2098,2153.7,4
9.5977,0.0463,0.2096,2162.6,4
9.7031,0.0466,0.2094,2171.3,4
9.7977,0.0467,0.2091,2180,4
9.8981,0.0467,0.2091,2188.4,4
9.9977,0.0472,0.2087,2197,4
10.098,0.0473,0.2084,2205.5,4
10.198,0.0475,0.2082,2213.9,4
10.298,0.0477,0.208,2222.3,4
10.398,0.0477,0.208,2230.5,4
10.498,0.0482,0.2075,2238.9,4
10.598,0.0484,0.2072,2247.1,4
10.703,0.0486,0.2069,2255.1,4
10.798,0.0488,0.2067,2263.1,4
10.898,0.0488,0.2067,2271.1,4
10.998,0.0493,0.2062,2279,4
11.098,0.0495,0.2059,2287,4
11.198,0.0498,0.2057,2294.9,4
11.298,0.05,0.2054,2302.7,4
11.398,0.05,0.2054,2310.2,4
11.498,0.0505,0.2049,2317.9,4
11.598,0.0507,0.2047,2325.4,4
11.703,0.051,0.2044,2332.8,4
11.798,0.0512,0.2042,2339.7,4
11.898,0.0512,0.2042,2346.9,4
11.998,0.0518,0.2036,2353.9,4
12.098,0.052,0.2034,2360.7,4
12.198,0.0523,0.2031,2367.3,4
12.298,0.0525,0.2028,2373.6,4
12.398,0.0525,0.2028,2379.9,4
12.498,0.053,0.2023,2386,4
12.598,0.0533,0.202,2392.1,4
12.703,0.0536,0.2017,2398,4
12.798,0.0538,0.2014,2404,4
12.898,0.0538,0.2014,2409.7,4
12.998,0.0544,0.2008,2415.8,4
13.098,0.0546,0.2005,2421.2,4
13.198,0.0549,0.2002,2426.8,4
13.298,0.0552,0.1999,2432.4,4
13.398,0.0552,0.1999,2437.8,4
13.498,0.0557,0.1993,2443.2,4
13.598,0.056,0.199,2448.5,4
13.703,0.0562,0.1987,2453.4,4
13.798,0.0565,0.1984,2458.4,4
13.898,0.0565,0.1984,2463.5,4
13.998,0.057,0.1977,2468.2,4
14.098,0.0573,0.1975,2472.9,4
14.198,0.0576,0.1971,2477.6,4
14.298,0.0578,0.1968,2482,4
14.398,0.0578,0.1968,2486.7,4
14.498,0.0581,0.1966,2491.2,4
14.598,0.0587,0.1959,2495.8,4
14.704,0.059,0.1956,2500.3,4
14.798,0.0592,0.1953,2505,4
14.898,0.0592,0.1953,2509.6,4
14.998,0.0598,0.1947,2514.3,4
15.098,0.0601,0.1944,2519,4
15.198,0.0603,0.1941,2523.7,4
15.298,0.0606,0.1938,2528.2,4
15.398,0.0606,0.1938,2533.1,4
15.498,0.0612,0.1933,2538,4
15.598,0.0615,0.193,2542.9,4
15.703,0.0618,0.1927,2547.6,4
15.798,0.062,0.1924,2552.5,4
15.898,0.062,0.1924,2557.2,4
15.998,0.0627,0.1918,2562.1,4
16.098,0.063,0.1915,2566.8,4
16.198,0.0633,0.1912,2571.5,4
16.298,0.0636,0.1909,2576.2,4
16.398,0.0636,0.1909,2580.8,4
16.498,0.0642,0.1903,2585.5,4
16.598,0.0646,0.19,2590.2,4
16.703,0.0649,0.1897,2594.7,4
16.798,0.0652,0.1894,2599.3,4
16.898,0.0652,0.1894,2604,4
16.998,0.0658,0.1887,2608.5,4
17.098,0.0661,0.1883,2612.7,4
17.198,0.0665,0.188,2617.2,4
17.298,0.0668,0.1877,2621.6,4
17.398,0.0668,0.1877,2625.8,4
17.498,0.0675,0.187,2629.8,4
17.598,0.0678,0.1867,2634,4
17.703,0.0681,0.1864,2638.2,4
17.798,0.0685,0.1861,2642,4
17.897,0.0685,0.1861,2645.7,4
17.998,0.0692,0.1854,2649.7,4
18.098,0.0695,0.1851,2653.4,4
18.197,0.0699,0.1847,2657.2,4
18.298,0.0702,0.1844,2661.2,4
18.398,0.0702,0.1844,2665.1,4
18.497,0.071,0.1837,2668.6,4
18.597,0.0713,0.1834,2672.2,4
18.703,0.0717,0.183,2675.7,4
18.797,0.072,0.1827,2679.2,4
18.898,0.072,0.1827,2682.9,4
18.997,0.0728,0.182,2686.4,4
19.098,0.0731,0.1816,2689.9,4
19.197,0.0734,0.1812,2693.3,4
19.297,0.0738,0.1809,2696.8,4
19.397,0.0738,0.1809,2700.1,4
19.497,0.0745,0.1802,2703.6,4
19.597,0.0748,0.1798,2707,4
19.702,0.0752,0.1794,2710.3,4
19.797,0.0755,0.1791,2713.6,4
19.897,0.0755,0.1791,2716.6,4
19.997,0.0762,0.1783,2719.5,4
20.098,0.0766,0.178,2723,4
20.198,0.0769,0.1776,2726.2,4
20.297,0.0773,0.1772,2729.3,4
20.397,0.0773,0.1772,2732.6,4
20.497,0.078,0.1765,2735.9,4
20.597,0.0784,0.1761,2739.1,4
20.702,0.0787,0.1757,2742.2,4
20.797,0.0791,0.1754,2745.7,4
20.897,0.0791,0.1754,2748.8,4
20.997,0.0797,0.1746,2751.8,4
21.097,0.0801,0.1743,2755.1,4
21.197,0.0805,0.1739,2758.4,4
21.297,0.0808,0.1735,2761.6,4
21.397,0.0808,0.1735,2764.9,4
21.498,0.0815,0.1727,2768.2,4
21.598,0.0819,0.1723,2771.5,4
21.702,0.0823,0.1719,2775,4
21.798,0.0826,0.1715,2778.3,4
21.897,0.0826,0.1715,2781.7,4
21.997,0.083,0.1711,2785.5,4
22.097,0.0837,0.1703,2789,4
22.197,0.0841,0.17,2792.5,4
22.297,0.0844,0.1696,2796.1,4
22.397,0.0844,0.1696,2800,4
22.498,0.0852,0.1689,2803.8,4
22.598,0.0856,0.1686,2808,4
22.703,0.086,0.1682,2812,4
22.798,0.0864,0.1679,2816.4,4
22.897,0.0864,0.1679,2820.8,4
22.997,0.0872,0.1672,2825.3,4
23.098,0.0876,0.1669,2829.8,4
23.198,0.088,0.1666,2834.5,4
23.298,0.0884,0.1662,2839.1,4
23.397,0.0884,0.1662,2844.1,4
23.497,0.0893,0.1656,2849.2,4
23.597,0.0897,0.1653,2854.3,4
23.703,0.0901,0.165,2859.3,4
23.797,0.0905,0.1647,2864.7,4
23.897,0.0905,0.1647,2870,4
23.997,0.0914,0.1642,2875.6,4
24.098,0.0918,0.1639,2881,4
24.197,0.0922,0.1636,2886.4,4
24.297,0.0926,0.1633,2892,4
24.397,0.0926,0.1633,2897.5,4
24.497,0.0934,0.1627,2903,4
24.597,0.0939,0.1624,2908.7,4
24.703,0.0943,0.1621,2914.5,4
24.798,0.0948,0.1618,2920.1,4
24.897,0.0948,0.1618,2925.8,4
24.997,0.0956,0.1612,2931.4,4
25.098,0.096,0.1609,2936.8,4
25.197,0.0965,0.1606,2942.4,4
25.297,0.0969,0.1603,2948,4
25.398,0.0969,0.1603,2953.6,4
25.497,0.0978,0.1598,2959.3,4
25.597,0.0982,0.1595,2965.3,4
25.704,0.0986,0.1593,2971,4
25.798,0.0991,0.159,2977,4
25.898,0.0991,0.159,2982.7,4
25.997,0.1001,0.1585,2988.7,4
26.098,0.1005,0.1583,2994.6,4
26.197,0.101,0.1581,3000.5,4
26.298,0.1014,0.1578,3006.5,4
26.398,0.1014,0.1578,3012.4,4
26.497,0.1023,0.1573,3018.3,4
26.598,0.1028,0.1571,3024.4,4
26.704,0.1032,0.1568,3030.5,4
26.797,0.1037,0.1566,3036.6,4
26.897,0.1037,0.1566,3042.9,4
26.997,0.1046,0.1561,3049.2,4
27.098,0.1051,0.1559,3055.7,4
27.197,0.1055,0.1557,3062,4
27.298,0.106,0.1554,3068.6,4
27.398,0.106,0.1554,3075,4
27.497,0.1069,0.155,3081.7,4
27.597,0.1074,0.1548,3088.3,4
27.703,0.1078,0.1546,3094.9,4
27.797,0.1083,0.1544,3101.7,4
27.898,0.1083,0.1544,3108.6,4
27.998,0.1092,0.1541,3115,4
28.097,0.1097,0.154,3122,4
28.197,0.1102,0.1539,3129,4
28.298,0.1106,0.1537,3136.1,4
28.398,0.1106,0.1537,3143.1,4
28.498,0.1116,0.1535,3150.3,4
28.598,0.112,0.1534,3157.6,4
28.703,0.112,0.1534,3164.9,4
28.797,0.1129,0.1531,3172.4,4
28.897,0.1129,0.1531,3179.9,4
28.998,0.1139,0.1529,3187.6,4
29.098,0.1143,0.1527,3195.5,4
29.197,0.1148,0.1526,3203.3,4
29.298,0.1153,0.1525,3211.2,4
29.397,0.1153,0.1525,3219,4
29.497,0.1162,0.1522,3226.9,4
29.597,0.1166,0.1521,3234.9,4
29.704,0.117,0.152,3243.1,4
29.797,0.1175,0.1519,3251.1,4
29.897,0.1175,0.1519,3259.4,4
29.997,0.1184,0.1518,3267.2,4
30.097,0.1189,0.1518,3275.4,4
30.197,0.1193,0.1517,3283.8,4
30.297,0.1198,0.1517,3291.8,4
30.397,0.1198,0.1517,3300.4,4
30.497,0.1208,0.1517,3308.9,4
30.597,0.1212,0.1516,3317.5,4
30.703,0.1217,0.1516,3326.4,4
30.797,0.1221,0.1516,3335.3,4
30.897,0.1221,0.1516,3344,4
30.997,0.123,0.1517,3353.1,4
31.098,0.1235,0.1517,3361.8,4
31.197,0.1239,0.1517,3370.7,4
31.297,0.1244,0.1517,3379.8,4
31.397,0.1244,0.1517,3388.5,4
31.497,0.1253,0.1517,3397.1,4
31.597,0.1257,0.1518,3406,4
31.703,0.1261,0.1518,3415,4
31.797,0.1266,0.1519,3423.8,4
31.897,0.1266,0.1519,3432.5,4
31.997,0.1274,0.1521,3441.4,4
32.098,0.1278,0.1521,3450.1,4
32.197,0.1283,0.1522,3459.2,4
32.297,0.1287,0.1523,3468.1,4
32.397,0.1287,0.1523,3476.8,4
32.497,0.1295,0.1525,3485.7,4
32.597,0.1299,0.1526,3494.6,4
32.702,0.1303,0.1527,3503.7,4
32.797,0.1307,0.1528,3512.8,4
32.897,0.1307,0.1528,3521.7,4
32.997,0.1315,0.153,3530.6,4
33.097,0.1319,0.1531,3539.3,4
33.197,0.1323,0.1532,3548.2,4
33.297,0.1327,0.1533,3557.1,4
33.397,0.1327,0.1533,3566,4
33.497,0.1335,0.1535,3574.9,4
33.597,0.1338,0.1536,3583.6,4
33.702,0.1342,0.1537,3592.5,4
33.797,0.1346,0.1538,3601.3,4
33.897,0.1346,0.1538,3610.2,4
33.997,0.1353,0.154,3619.1,4
34.097,0.1356,0.1541,3628.1,4
34.198,0.1359,0.1543,3637.2,4
34.297,0.1363,0.1544,3646.1,4
34.398,0.1363,0.1544,3655,4
34.497,0.1369,0.1547,3664.3,4
34.597,0.1373,0.1548,3673.3,4
34.703,0.1376,0.1549,3682.6,4
34.798,0.138,0.1551,3691.8,4
34.897,0.138,0.1551,3701.1,4
34.997,0.1387,0.1554,3710.3,4
35.098,0.139,0.1555,3719.6,4
35.197,0.1394,0.1557,3728.8,4
35.297,0.1397,0.1559,3738.3,4
35.397,0.1397,0.1559,3747.5,4
35.497,0.1404,0.1562,3756.6,4
35.597,0.1407,0.1564,3765.7,4
35.703,0.141,0.1565,3774.7,4
35.797,0.1414,0.1567,3783.5,4
35.897,0.1414,0.1567,3792.2,4
35.997,0.142,0.1571,3800.9,4
36.097,0.1423,0.1573,3809.7,4
36.197,0.1427,0.1575,3818.6,4
36.297,0.143,0.1577,3827.1,4
36.397,0.143,0.1577,3835.8,4
36.497,0.1436,0.1581,3844.7,4
36.597,0.1439,0.1583,3853.1,4
36.702,0.1443,0.1584,3861.7,4
36.797,0.1446,0.1586,3870.2,4
36.897,0.1446,0.1586,3878.6,4
36.997,0.1452,0.159,3887,4
37.097,0.1455,0.1592,3895.4,4
37.197,0.1458,0.1595,3903.7,4
37.297,0.1461,0.1596,3912.1,4
37.397,0.1461,0.1596,3920.3,4
37.497,0.1467,0.16,3928.3,4
37.597,0.147,0.1602,3936.5,4
37.704,0.1473,0.1604,3944.6,4
37.797,0.1475,0.1606,3952.8,4
37.897,0.1475,0.1606,3961,4
37.997,0.148,0.1611,3969.4,4
38.098,0.1482,0.1613,3977.6,4
38.197,0.1485,0.1615,3985.6,4
38.297,0.1487,0.1617,3993.6,4
38.397,0.1487,0.1617,4002,4
38.497,0.1492,0.1622,4010.4,4
38.597,0.1494,0.1624,4018.6,4
38.702,0.1496,0.1626,4026.9,4
38.797,0.1498,0.1629,4035.3,4
38.897,0.1498,0.1629,4043.5,4
38.997,0.1502,0.1633,4051.9,4
39.097,0.1503,0.1636,4060.3,4
39.197,0.1505,0.1639,4068.5,4
39.297,0.1507,0.1642,4077,4
39.397,0.1507,0.1642,4085.4,4
39.497,0.1511,0.1647,4093.8,4
39.597,0.1513,0.1649,4102.3,4
39.702,0.1515,0.1651,4110.9,4
39.797,0.1517,0.1654,4119.5,4
39.897,0.1517,0.1654,4127.8,4
39.997,0.1521,0.1659,4136.4,4
40.097,0.1522,0.1661,4144.8,4
40.197,0.1524,0.1664,4153.1,4
40.298,0.1526,0.1666,4161.3,4
40.397,0.1526,0.1666,4169.7,4
40.498,0.153,0.1671,4178.3,4
40.597,0.1531,0.1674,4186.5,4
40.703,0.1533,0.1677,4194.8,4
40.797,0.1534,0.1679,4203.4,4
40.897,0.1534,0.1679,4211.6,4
40.997,0.1538,0.1685,4219.6,4
41.097,0.1539,0.1688,4227.8,4
41.197,0.154,0.1691,4236,4
41.297,0.1542,0.1694,4244.1,4
41.397,0.1542,0.1694,4252.3,4
41.497,0.1544,0.17,4260.6,4
41.597,0.1545,0.1703,4268.9,4
41.703,0.1546,0.1706,4277.1,4
41.797,0.1548,0.1708,4285.6,4
41.897,0.1548,0.1708,4294,4
41.997,0.155,0.1714,4302.2,4
42.097,0.1551,0.1717,4310.6,4
42.197,0.1553,0.172,4318.9,4
42.297,0.1554,0.1723,4327.3,4
42.397,0.1554,0.1723,4335.9,4
42.497,0.1556,0.173,4344.4,4
42.597,0.1558,0.1733,4353,4
42.702,0.1559,0.1736,4361.4,4
42.797,0.156,0.1739,4370.1,4
42.897,0.156,0.1739,4378.5,4
42.997,0.1563,0.1745,4386.8,4
43.098,0.1564,0.1749,4395.4,4
43.197,0.1566,0.1752,4403.8,4
43.297,0.1567,0.1755,4412.1,4
43.397,0.1567,0.1755,4420.5,4
43.497,0.1569,0.1762,4428.7,4
43.597,0.157,0.1766,4436.9,4
43.702,0.1572,0.1769,4445.3,4
43.797,0.1573,0.1773,4453.5,4
43.897,0.1573,0.1773,4461.7,4
43.997,0.1575,0.178,4470.3,4
44.097,0.1575,0.1783,4478.5,4
44.197,0.1576,0.1787,4486.5,4
44.297,0.1578,0.1791,4494.7,4
44.397,0.1578,0.1791,4502.7,4
44.497,0.1579,0.1799,4510.8,4
44.597,0.1581,0.1803,4519,4
44.702,0.1581,0.1806,4526.8,4
44.797,0.1582,0.181,4534.8,4
44.897,0.1582,0.181,4542.9,4
44.997,0.1583,0.1818,4550.9,4
45.098,0.1583,0.1821,4558.9,4
45.197,0.1583,0.1825,4567.1,4
45.297,0.1583,0.1829,4575.5,4
45.397,0.1583,0.1829,4583.5,4
45.497,0.1583,0.1833,4591.9,4
45.598,0.1584,0.184,4600.1,4
45.702,0.1584,0.1843,4608.5,4
45.797,0.1584,0.1847,4616.9,4
45.897,0.1584,0.1847,4625.1,4
45.997,0.1585,0.1854,4633.1,4
46.097,0.1585,0.1857,4641.1,4
46.197,0.1585,0.1861,4649.2,4
46.298,0.1585,0.1864,4657.2,4
46.397,0.1585,0.1864,4665.2,4
46.497,0.1585,0.1871,4673.1,4
46.597,0.1585,0.1874,4681.3,4
46.702,0.1585,0.1877,4689.3,4
46.797,0.1585,0.188,4697.5,4
46.897,0.1585,0.188,4705.9,4
46.997,0.1584,0.1887,4714.3,4
47.097,0.1584,0.189,4722.6,4
47.197,0.1584,0.1893,4731.2,4
47.297,0.1583,0.1896,4739.7,4
47.397,0.1583,0.1896,4748.5,4
47.497,0.1582,0.1899,4757.4,4
47.597,0.1581,0.1906,4766.1,4
47.703,0.158,0.1909,4774.8,4
47.797,0.1579,0.1912,4783.4,4
47.897,0.1579,0.1912,4792.1,4
47.997,0.1578,0.1918,4800.8,4
48.098,0.1577,0.1921,4809.4,4
48.197,0.1576,0.1924,4818.1,4
48.297,0.1576,0.1928,4826.8,4
48.397,0.1576,0.1928,4835.6,4
48.497,0.1574,0.1934,4844.3,4
48.597,0.1573,0.1937,4853.4,4
48.702,0.1572,0.1941,4862.1,4
48.797,0.1572,0.1945,4870.8,4
48.897,0.1572,0.1945,4879.5,4
48.997,0.157,0.1951,4888.3,4
49.097,0.1569,0.1955,4897,4
49.197,0.1568,0.1959,4905.7,4
49.297,0.1568,0.1962,4914.4,4
49.398,0.1568,0.1962,4923.2,4
49.497,0.1566,0.197,4931.7,4
49.597,0.1565,0.1973,4940.5,4
49.702,0.1564,0.1977,4949.2,4
49.797,0.1563,0.1981,4957.9,4
49.897,0.1563,0.1981,4966.5,4
49.997,0.156,0.1988,4975,4
50.097,0.1559,0.1991,4983.6,4
50.197,0.1557,0.1995,4992.1,4
50.297,0.1556,0.1998,5000.8,4
50.397,0.1556,0.1998,5009.4,4
50.497,0.1553,0.2005,5017.8,4
50.597,0.1551,0.2008,5026.3,4
50.702,0.155,0.2012,5034.5,4
50.797,0.1548,0.2015,5042.7,4
50.897,0.1548,0.2015,5050.9,4
50.997,0.1544,0.2021,5059,4
51.097,0.1543,0.2025,5067,4
51.197,0.1541,0.2028,5075,4
51.297,0.154,0.2031,5082.5,4
51.397,0.154,0.2031,5090.2,4
51.497,0.1536,0.2038,5097.9,4
51.597,0.1534,0.2041,5105.4,4
51.702,0.1533,0.2044,5113.1,4
51.797,0.1531,0.2047,5120.6,4
51.897,0.1531,0.2047,5128.1,4
51.997,0.1527,0.2053,5135.6,4
52.097,0.1526,0.2056,5142.9,4
52.197,0.1524,0.2058,5150.4,4
52.297,0.1522,0.2061,5157.7,4
52.397,0.1522,0.2061,5165.1,4
52.497,0.1518,0.2067,5172.4,4
52.597,0.1516,0.207,5179.7,4
52.702,0.1514,0.2073,5187.1,4
52.797,0.1512,0.2076,5194.6,4
52.897,0.1512,0.2076,5202.1,4
52.997,0.1508,0.2081,5209.4,4
53.098,0.1506,0.2084,5216.9,4
53.197,0.1504,0.2086,5224.4,4
53.297,0.1502,0.2089,5232.1,4
53.397,0.1502,0.2089,5239.6,4
53.497,0.1498,0.2094,5247.3,4
53.597,0.1498,0.2094,5255,4
53.702,0.1495,0.2099,5262.6,4
53.797,0.1492,0.2102,5270.3,4
53.897,0.1492,0.2102,5278,4
53.997,0.1489,0.2107,5285.9,4
54.097,0.1487,0.211,5293.7,4
54.197,0.1485,0.2112,5301.6,4
54.297,0.1484,0.2115,5309.6,4
54.397,0.1484,0.2115,5317.6,4
54.497,0.148,0.212,5325.8,4
54.597,0.1479,0.2123,5334.2,4
54.702,0.1477,0.2125,5342.6,4
54.797,0.1475,0.2128,5351.3,4
54.897,0.1475,0.2128,5360,4
54.997,0.1472,0.2132,5368.8,4
55.097,0.147,0.2135,5377.5,4
55.197,0.1468,0.2137,5386.4,4
55.297,0.1466,0.214,5395.1,4
55.397,0.1466,0.214,5404,4
55.497,0.1462,0.2144,5412.9,4
55.597,0.1462,0.2144,5421.8,4
55.702,0.1457,0.2149,5430.9,4
55.797,0.1455,0.2151,5440,4
55.897,0.1455,0.2151,5449,4
55.997,0.145,0.2156,5458.1,4
56.097,0.1448,0.2158,5467.5,4
56.197,0.1445,0.216,5476.8,4
56.297,0.1443,0.2162,5486.2,4
56.397,0.1443,0.2162,5495.6,4
56.497,0.1438,0.2167,5505.1,4
56.597,0.1435,0.2169,5514.3,4
56.702,0.1433,0.217,5523.7,4
56.797,0.143,0.2172,5533.2,4
56.897,0.143,0.2172,5542.6,4
56.998,0.1426,0.2176,5552,4
57.097,0.1423,0.2178,5561.3,4
57.198,0.1421,0.218,5570.9,4
57.297,0.1418,0.2182,5580.1,4
57.397,0.1418,0.2182,5589.2,4
57.497,0.1413,0.2186,5598.4,4
57.597,0.1411,0.2188,5607.7,4
57.702,0.1409,0.219,5617.1,4
57.797,0.1406,0.2191,5626.4,4
57.897,0.1406,0.2191,5635.8,4
57.997,0.1402,0.2195,5644.9,4
58.097,0.1399,0.2197,5654.1,4
58.197,0.1396,0.2199,5663.2,4
58.297,0.1394,0.22,5672.6,4
58.397,0.1394,0.22,5681.7,4
58.497,0.1389,0.2203,5691.1,4
58.597,0.1386,0.2204,5700.4,4
58.703,0.1384,0.2205,5710,4
58.797,0.1382,0.2207,5719.4,4
58.897,0.1382,0.2207,5729,4
58.997,0.1376,0.2209,5738.6,4
59.097,0.1374,0.2209,5748.4,4
59.197,0.1372,0.221,5758.3,4
59.297,0.1369,0.2211,5768.4,4
59.397,0.1369,0.2211,5778.6,4
59.497,0.1364,0.2214,5788.5,4
59.597,0.1361,0.2215,5798.3,4
59.702,0.1359,0.2216,5808.4,4
59.797,0.1356,0.2218,5818.2,4
59.897,0.1356,0.2218,5828,4
59.997,0.1351,0.222,5838.1,4
60.097,0.1348,0.2221,5848.2,4
60.197,0.1346,0.2223,5858,4
60.297,0.1343,0.2224,5868.1,4
60.397,0.1343,0.2224,5878.2,4
60.497,0.1339,0.2226,5888.3,4
60.597,0.1336,0.2227,5898.3,4
60.701,0.1334,0.2228,5908.4,4
60.797,0.1331,0.2229,5918.7,4
60.897,0.1331,0.2229,5928.7,4
60.997,0.1326,0.2231,5939,4
61.097,0.1323,0.2232,5949.1,4
61.197,0.132,0.2233,5959.2,4
61.297,0.1317,0.2234,5969.3,4
61.397,0.1317,0.2234,5979.4,4
61.497,0.1311,0.2235,5989.6,4
61.597,0.1308,0.2235,5999.9,4
61.702,0.1308,0.2235,6009.8,4
61.797,0.1302,0.2236,6019.9,4
61.897,0.1302,0.2236,6029.7,4
61.997,0.1296,0.2237,6039.8,4
62.098,0.1293,0.2237,6050,4
62.197,0.129,0.2238,6060.3,4
62.297,0.1287,0.2238,6070.7,4
62.397,0.1287,0.2238,6081,4
62.497,0.1281,0.2239,6091.3,4
62.597,0.1278,0.2239,6101.6,4
62.702,0.1275,0.224,6111.9,4
62.797,0.1273,0.224,6122.6,4
62.897,0.1273,0.224,6132.9,4
62.998,0.1267,0.2241,6143.3,4
63.097,0.1264,0.2242,6154,4
63.197,0.1261,0.2242,6164.5,4
63.297,0.1258,0.2242,6174.9,4
63.397,0.1258,0.2242,6185.4,4
63.497,0.1252,0.2243,6196,4
63.597,0.1249,0.2243,6206.7,4
63.702,0.1247,0.2243,6217.5,4
63.797,0.1244,0.2243,6228.5,4
63.897,0.1244,0.2243,6239.3,4
63.997,0.1238,0.2243,6250.1,4
64.097,0.1236,0.2243,6261.3,4
64.197,0.1233,0.2243,6272.1,4
64.297,0.123,0.2243,6283,4
64.397,0.123,0.2243,10.8,4
64.497,0.1225,0.2242,21.8,4
64.597,0.1222,0.2242,32.8,4
64.702,0.1219,0.2242,43.6,4
64.797,0.1216,0.2242,54.4,4
64.897,0.1216,0.2242,65.1,4
64.997,0.121,0.2242,75.9,4
65.097,0.1207,0.2241,86.5,4
65.197,0.1204,0.2241,97.3,4
65.297,0.1201,0.2241,108.2,4
65.397,0.1201,0.2241,119,4
65.497,0.1195,0.224,129.6,4
65.597,0.1193,0.224,140.3,4
65.702,0.119,0.2239,151.3,4
65.797,0.1187,0.2238,162.1,4
65.897,0.1187,0.2238,172.7,4
65.997,0.1181,0.2237,183.7,4
66.097,0.1178,0.2237,194.6,4
66.197,0.1175,0.2236,205,4
66.297,0.1172,0.2235,216,4
66.397,0.1172,0.2235,226.8,4
66.497,0.1166,0.2233,237.7,4
66.597,0.1163,0.2232,248.5,4
66.701,0.116,0.2231,259.1,4
66.797,0.1157,0.223,270,4
66.897,0.1157,0.223,280.6,4
66.997,0.1151,0.2228,291.2,4
67.097,0.1148,0.2227,301.7,4
67.197,0.1145,0.2226,312.4,4
67.297,0.1143,0.2225,322.8,4
67.397,0.1143,0.2225,333.3,4
67.497,0.1137,0.2222,343.8,4
67.597,0.1134,0.2222,354.1,4
67.701,0.113,0.222,364.2,4
67.797,0.1128,0.2219,374.5,4
67.897,0.1128,0.2219,385,4
67.997,0.1122,0.2216,395.3,4
68.098,0.112,0.2215,405.7,4
68.197,0.1118,0.2213,416,4
68.297,0.1115,0.2212,426.2,4
68.397,0.1115,0.2212,436.5,4
68.497,0.111,0.2208,446.8,4
68.597,0.1108,0.2206,457.1,4
68.702,0.1105,0.2205,467.5,4
68.797,0.1103,0.2203,477.8,4
68.897,0.1103,0.2203,488.3,4
68.997,0.1098,0.22,498.8,4
69.097,0.1095,0.2198,509.1,4
69.197,0.1093,0.2196,519.4,4
69.297,0.109,0.2195,529.7,4
69.397,0.109,0.2195,540.3,4
69.497,0.1085,0.2191,550.8,4
69.597,0.1083,0.2189,561.2,4
69.702,0.1081,0.2186,571.9,4
69.797,0.1078,0.2184,582.5,4
69.897,0.1078,0.2184,593,4
69.996,0.1073,0.218,603.3,4
70.097,0.1071,0.2178,613.6,4
70.197,0.1069,0.2176,623.7,4
70.297,0.1067,0.2174,633.9,4
70.396,0.1067,0.2174,643.8,4
70.497,0.1062,0.2169,653.6,4
70.596,0.106,0.2167,663.2,4
70.702,0.1058,0.2164,672.9,4
70.797,0.1056,0.2161,682.7,4
70.897,0.1056,0.2161,692.1,4
70.996,0.1052,0.2157,701.9,4
71.097,0.105,0.2154,711.5,4
71.197,0.1048,0.2151,720.9,4
71.296,0.1046,0.2149,730.4,4
71.397,0.1046,0.2149,739.6,4
71.496,0.1043,0.2144,748.9,4
71.596,0.104,0.2141,757.9,4
71.702,0.1039,0.2139,767,4
71.796,0.1037,0.2136,776.1,4
71.896,0.1037,0.2136,785.2,4
71.997,0.1033,0.2131,794.1,4
72.097,0.1031,0.2128,803,4
72.196,0.1029,0.2126,811.7,4
72.297,0.1028,0.2124,820.6,4
72.396,0.1028,0.2124,829.5,4
72.496,0.1024,0.2118,838.4,4
72.597,0.1023,0.2115,847.3,4
72.701,0.1022,0.2113,856,4
72.796,0.102,0.211,864.9,4
72.897,0.102,0.211,873.8,4
72.996,0.1017,0.2106,882.4,4
73.097,0.1016,0.2103,890.9,4
73.197,0.1014,0.2101,899.7,4
73.297,0.1013,0.2098,908.2,4
73.397,0.1013,0.2098,916.9,4
73.497,0.101,0.2093,925.5,4
73.597,0.1008,0.209,934.1,4
73.701,0.1007,0.2087,942.6,4
73.797,0.1005,0.2085,951.2,4
73.897,0.1005,0.2085,959.7,4
73.997,0.1002,0.208,968.4,4
74.097,0.1001,0.2077,977.2,4
74.197,0.0999,0.2074,985.9,4
74.297,0.0998,0.2072,994.6,4
74.397,0.0998,0.2072,1003.5,4
74.496,0.0994,0.2067,1012.2,4
74.597,0.0993,0.2064,1021.1,4
74.703,0.0991,0.2061,1030.2,4
74.797,0.0989,0.2058,1039.5,4
74.897,0.0989,0.2058,1048.7,4
74.997,0.0986,0.2053,1057.8,4
75.097,0.0985,0.205,1067,4
75.196,0.0983,0.2047,1076.5,4
75.297,0.0982,0.2044,1085.7,4
75.396,0.0982,0.2044,1095.1,4
75.496,0.0979,0.2039,1104.2,4
75.597,0.0978,0.2036,1113.5,4
75.702,0.0977,0.2033,1122.9,4
75.797,0.0975,0.203,1132.1,4
75.897,0.0975,0.203,1141.7,4
75.997,0.0973,0.2024,1151.3,4
76.097,0.0972,0.202,1160.9,4
76.196,0.0971,0.2017,1170.7,4
76.297,0.097,0.2014,1180.5,4
76.396,0.097,0.2014,1190.1,4
76.497,0.0968,0.2008,1199.9,4
76.596,0.0967,0.2005,1209.8,4
76.702,0.0966,0.2002,1219.8,4
76.797,0.0965,0.1999,1229.7,4
76.896,0.0965,0.1999,1239.8,4
76.996,0.0964,0.1993,1249.8,4
77.097,0.0963,0.199,1259.7,4
77.197,0.0962,0.1987,1269.9,4
77.297,0.0961,0.1984,1280,4
77.397,0.0961,0.1984,1290.1,4
77.496,0.096,0.1978,1300.4,4
77.596,0.0959,0.1975,1310.5,4
77.702,0.0958,0.1972,1321,4
77.796,0.0958,0.1969,1331.5,4
77.896,0.0958,0.1969,1341.8,4
77.996,0.0957,0.1962,1352.2,4
78.097,0.0956,0.1959,1362.9,4
78.196,0.0956,0.1957,1373.5,4
78.297,0.0955,0.1954,1384.2,4
78.396,0.0955,0.1954,1395,4
78.497,0.0954,0.1948,1405.8,4
78.597,0.0953,0.1945,1416.6,4
78.701,0.0953,0.1942,1427.6,4
78.796,0.0953,0.1939,1438.6,4
78.896,0.0953,0.1939,1449.6,4
78.997,0.0953,0.1933,1460.8,4
79.096,0.0952,0.193,1472.1,4
79.197,0.0952,0.1927,1483.3,4
79.297,0.0952,0.1924,1494.5,4
79.396,0.0952,0.1924,1505.5,4
79.497,0.0952,0.1918,1516.5,4
79.596,0.0952,0.1915,1527.6,4
79.701,0.0952,0.1911,1538.8,4
79.797,0.0952,0.1909,1549.8,4
79.897,0.0952,0.1909,1561.1,4
79.998,0.0952,0.1903,1572.3,4
80.097,0.0952,0.19,1583.5,4
80.197,0.0952,0.1897,1594.5,4
80.297,0.0952,0.1894,1605.5,4
80.397,0.0952,0.1894,1616.5,4
80.497,0.0952,0.1888,1627.5,4
80.597,0.0952,0.1885,1638.3,4
80.702,0.0952,0.1883,1649.1,4
80.797,0.0953,0.188,1659.9,4
80.897,0.0953,0.188,1670.6,4
80.998,0.0953,0.1874,1681.2,4
81.097,0.0953,0.1872,1691.5,4
81.197,0.0953,0.1869,1702.2,4
81.297,0.0953,0.1867,1712.8,4
81.396,0.0953,0.1867,1723.1,4
81.497,0.0954,0.1861,1733.8,4
81.596,0.0954,0.1859,1744.1,4
81.702,0.0954,0.1856,1754.4,4
81.797,0.0954,0.1854,1765,4
81.896,0.0954,0.1854,1775.3,4
81.997,0.0955,0.1848,1785.6,4
82.097,0.0955,0.1846,1796.1,4
82.197,0.0956,0.1843,1806.7,4
82.297,0.0956,0.1841,1817.2,4
82.397,0.0956,0.1841,1827.7,4
82.497,0.0957,0.1837,1838.3,4
82.596,0.0958,0.1834,1849.1,4
82.701,0.0959,0.1832,1859.6,4
82.796,0.0959,0.183,1870.2,4
82.897,0.0959,0.183,1880.7,4
82.997,0.0961,0.1826,1891.5,4
83.097,0.0961,0.1824,1902.2,4
83.197,0.0962,0.1822,1912.8,4
83.297,0.0963,0.182,1923.7,4
83.397,0.0963,0.182,1934.5,4
83.497,0.0964,0.1816,1945.1,4
83.597,0.0965,0.1814,1955.6,4
83.703,0.0966,0.1813,1966.2,4
83.797,0.0967,0.1811,1977.1,4
83.897,0.0967,0.1811,1987.9,4
83.997,0.0969,0.1807,1998.7,4
84.097,0.0969,0.1804,2009.5,4
84.197,0.097,0.1802,2020.2,4
84.297,0.0971,0.18,2030.6,4
84.397,0.0971,0.18,2041.5,4
84.496,0.0972,0.1796,2052.3,4
84.597,0.0973,0.1794,2062.9,4
84.701,0.0973,0.1792,2073.6,4
84.797,0.0974,0.1791,2084.6,4
84.897,0.0974,0.1791,2095.2,4
84.997,0.0976,0.1787,2106,4
85.097,0.0977,0.1785,2116.9,4
85.197,0.0978,0.1783,2127.5,4
85.297,0.0979,0.1781,2138.2,4
85.397,0.0979,0.1781,2149,4
85.497,0.0981,0.1777,2159.8,4
85.597,0.0982,0.1776,2170.4,4
85.701,0.0983,0.1774,2181.3,4
85.798,0.0984,0.1772,2192.1,4
85.897,0.0984,0.1772,2202.9,4
85.997,0.0987,0.1768,2213.6,4
86.097,0.0988,0.1767,2224.4,4
86.197,0.0989,0.1765,2235,4
86.297,0.099,0.1763,2245.7,4
86.397,0.099,0.1763,2256.3,4
86.497,0.0992,0.176,2267,4
86.597,0.0992,0.176,2277.4,4
86.702,0.0994,0.1757,2287.9,4
86.797,0.0995,0.1755,2298.4,4
86.896,0.0995,0.1755,2308.8,4
86.997,0.0997,0.1752,2319.1,4
87.097,0.0997,0.175,2329.1,4
87.197,0.0998,0.1748,2338.7,4
87.297,0.0998,0.1746,2348.1,4
87.396,0.0998,0.1746,2357.4,4
87.497,0.0999,0.1742,2366.4,4
87.597,0.1,0.1739,2375.3,4
87.702,0.1,0.1738,2384.1,4
87.796,0.1,0.1735,2392.6,4
87.897,0.1,0.1735,2400.8,4
87.996,0.1002,0.1731,2409.2,4
88.096,0.1003,0.1729,2417.2,4
88.197,0.1003,0.1727,2425.1,4
88.296,0.1004,0.1725,2432.6,4
88.397,0.1004,0.1725,2440.1,4
88.496,0.1006,0.1721,2447.1,4
88.596,0.1008,0.1719,2453.9,4
88.701,0.1009,0.1717,2460.3,4
88.797,0.101,0.1715,2466.1,4
88.896,0.101,0.1715,2471.7,4
88.996,0.1012,0.1711,2476.9,4
89.097,0.1014,0.1709,2481.6,4
89.196,0.1015,0.1707,2486.2,4
89.296,0.1016,0.1705,2490.4,4
89.397,0.1016,0.1705,2494,4
89.497,0.1017,0.1701,2497.5,4
89.596,0.1018,0.1698,2500.5,4
89.701,0.1018,0.1696,2503.3,4
89.796,0.1018,0.1694,2505.7,4
89.896,0.1018,0.1694,2508,4
89.997,0.1019,0.1689,2510.1,4
90.097,0.1019,0.1686,2511.8,4
90.196,0.1019,0.1684,2513.4,4
90.297,0.1019,0.1681,2514.6,4
90.396,0.1019,0.1681,2515.7,4
90.496,0.1019,0.1675,2516.4,4
90.597,0.1019,0.1672,2516.7,4
90.701,0.1019,0.1669,2517.1,4
90.796,0.1019,0.1666,2517.1,4
90.897,0.1019,0.1666,2516.9,4
90.996,0.102,0.1659,2516.5,4
91.097,0.102,0.1655,2516,4
91.197,0.102,0.1652,2515.1,4
91.296,0.1021,0.1649,2514.1,4
91.396,0.1021,0.1649,2512.9,4
91.497,0.1022,0.1642,2511.7,4
91.597,0.1022,0.1638,2510.1,4
91.702,0.1023,0.1635,2508.5,4
91.797,0.1023,0.1631,2506.6,4
91.896,0.1023,0.1631,2504.7,4
91.997,0.1025,0.1624,2502.8,4
92.097,0.1026,0.162,2500.8,4
92.197,0.1027,0.1616,2499.1,4
92.297,0.1028,0.1612,2497.2,4
92.397,0.1028,0.1612,2495.8,4
92.496,0.103,0.1605,2494.4,4
92.596,0.1031,0.1601,2493.2,4
92.702,0.1032,0.1598,2491.8,4
92.796,0.1034,0.1594,2490.5,4
92.898,0.1034,0.1594,2489.3,4
92.997,0.1036,0.1587,2488.3,4
93.096,0.1037,0.1583,2487.2,4
93.196,0.1038,0.1579,2486,4
93.297,0.1038,0.1575,2484.8,4
93.396,0.1038,0.1575,2483.6,4
93.496,0.104,0.1568,2482.5,4
93.597,0.1041,0.1564,2481.5,4
93.702,0.1042,0.156,2480.6,4
93.796,0.1043,0.1556,2479.5,4
93.897,0.1043,0.1556,2478.7,4
93.996,0.1045,0.1548,2477.8,4
94.096,0.1046,0.1544,2477.1,4
94.197,0.1047,0.1541,2476.4,4
94.296,0.1048,0.1537,2475.5,4
94.396,0.1048,0.1537,2475,4
94.497,0.105,0.1529,2474.1,4
94.596,0.1051,0.1526,2473.4,4
94.702,0.1052,0.1522,2472.7,4
94.797,0.1053,0.1519,2472.2,4
94.896,0.1053,0.1519,2471.7,4
94.996,0.1056,0.1511,2471.2,4
95.096,0.1057,0.1508,2470.5,4
95.196,0.1058,0.1504,2469.6,4
95.296,0.1059,0.15,2468.7,4
95.396,0.1059,0.15,2467.5,4
95.496,0.1061,0.1492,2465.8,4
95.596,0.1062,0.1488,2463.7,4
95.701,0.1064,0.1483,2461.2,4
95.796,0.1065,0.1479,2458.6,4
95.896,0.1065,0.1479,2455.3,4
95.997,0.1067,0.1469,2452,4
96.096,0.1068,0.1464,2448.3,4
96.196,0.1069,0.1459,2444.5,4
96.296,0.107,0.1454,2440.4,4
96.396,0.107,0.1454,2435.9,4
96.496,0.1072,0.1444,2431.4,4
96.597,0.1073,0.1439,2426.7,4
96.702,0.1073,0.1434,2421.6,4
96.797,0.1074,0.1429,2416.5,4
96.897,0.1074,0.1429,2411.1,4
96.996,0.1075,0.142,2405.5,4
97.096,0.1076,0.1415,2399.8,4
97.197,0.1077,0.141,2393.7,4
97.296,0.1077,0.1405,2387.6,4
97.396,0.1077,0.1405,2381.3,4
97.497,0.1079,0.1395,2374.6,4
97.596,0.108,0.139,2367.8,4
97.702,0.1081,0.1385,2360.9,4
97.797,0.1082,0.138,2353.9,4
97.897,0.1082,0.138,2346.4,4
97.996,0.1084,0.137,2338.9,4
98.097,0.1085,0.1365,2331.2,4
98.197,0.1086,0.1359,2323.5,4
98.297,0.1087,0.1354,2315.7,4
98.397,0.1087,0.1354,2307.6,4
98.496,0.1089,0.1344,2299.6,4
98.596,0.109,0.1338,2291.2,4
98.702,0.1091,0.1333,2282.8,4
98.797,0.1092,0.1328,2274.3,4
98.896,0.1092,0.1328,2265.6,4
98.997,0.1093,0.1317,2256.8,4
99.096,0.1094,0.1311,2248.1,4
99.196,0.1095,0.1306,2239.2,4
99.296,0.1096,0.13,2230.3,4
99.396,0.1096,0.13,2221.4,4
99.497,0.1097,0.1289,2212.7,4
99.597,0.1098,0.1283,2204,4
99.702,0.1099,0.1278,2195.2,4
99.797,0.11,0.1272,2186.1,4
99.897,0.11,0.1272,2177.6,4
99.996,0.1102,0.1261,2168.9,4
100.1,0.1103,0.1255,2160.1,4
100.2,0.1104,0.125,2151.6,4
100.3,0.1105,0.1244,2142.9,4
100.4,0.1105,0.1244,2134.3,4
100.5,0.1106,0.1233,2125.9,4
100.6,0.1107,0.1227,2117.6,4
100.7,0.1108,0.1221,2109.4,4
100.8,0.1109,0.1216,2101.2,4
100.9,0.1109,0.1216,2093.5,4
101,0.1111,0.1204,2085.6,4
101.1,0.1112,0.1199,2077.9,4
101.2,0.1113,0.1193,2070.4,4
101.3,0.1114,0.1187,2062.9,4
101.4,0.1114,0.1187,2055.6,4
101.5,0.1116,0.1176,2048.6,4
101.6,0.1117,0.117,2041.8,4
101.7,0.1118,0.1164,2034.8,4
101.8,0.1119,0.1158,2027.8,4
101.9,0.1119,0.1158,2021,4
102,0.1121,0.1146,2014.6,4
102.1,0.1122,0.114,2008,4
102.2,0.1123,0.1134,2001.5,4
102.3,0.1124,0.1128,1995,4
102.4,0.1124,0.1128,1988.8,4
102.5,0.1125,0.1115,1982.5,4
102.6,0.1125,0.1109,1976,4
102.7,0.1126,0.1103,1969.7,4
102.8,0.1126,0.1096,1963.3,4
102.9,0.1126,0.1096,1957.2,4
103,0.1128,0.1084,1951.1,4
103.1,0.1128,0.1077,1944.8,4
103.2,0.1129,0.1071,1938.7,4
103.3,0.113,0.1065,1932.6,4
103.4,0.113,0.1065,1926.4,4
103.5,0.1131,0.1052,1920.3,4
103.6,0.1132,0.1045,1914.4,4
103.7,0.1133,0.1039,1908.3,4
103.8,0.1134,0.1033,1902.5,4
103.9,0.1134,0.1033,1896.6,4
104,0.1136,0.102,1890.8,4
104.1,0.1137,0.1014,1885.1,4
104.2,0.1138,0.1008,1879.1,4
104.3,0.1139,0.1002,1873.4,4
104.4,0.1139,0.1002,1867.3,4
104.5,0.114,0.0989,1861.3,4
104.6,0.1141,0.0983,1855.2,4
104.7,0.1141,0.0976,1849.5,4
104.8,0.1142,0.097,1843.5,4
104.9,0.1142,0.097,1837.6,4
105,0.1143,0.0957,1831.8,4
105.1,0.1144,0.0951,1826.1,4
105.2,0.1144,0.0945,1820.2,4
105.3,0.1144,0.0938,1814,4
105.4,0.1144,0.0938,1808.3,4
105.5,0.1145,0.0925,1802.2,4
105.6,0.1145,0.0919,1795.9,4
105.7,0.1146,0.0913,1789.6,4
105.8,0.1146,0.0906,1783.3,4
105.9,0.1146,0.0906,1777.2,4
106,0.1147,0.0893,1770.8,4
106.1,0.1148,0.0887,1764.7,4
106.2,0.1148,0.088,1758.4,4
106.3,0.1148,0.0873,1752.1,4
106.4,0.1148,0.0873,1745.8,4
106.5,0.1149,0.086,1739.5,4
106.6,0.1149,0.0854,1733.1,4
106.7,0.1149,0.0847,1726.8,4
106.8,0.115,0.084,1720.3,4
106.9,0.115,0.084,1714,4
107,0.115,0.0827,1707.6,4
107.1,0.1151,0.082,1701.1,4
107.2,0.1151,0.0814,1694.7,4
107.3,0.1151,0.0807,1688.4,4
107.4,0.1151,0.0807,1681.7,4
107.5,0.1152,0.0794,1675.5,4
107.6,0.1152,0.0787,1669.2,4
107.7,0.1152,0.078,1662.7,4
107.8,0.1153,0.0773,1656.3,4
107.9,0.1153,0.0773,1650,4
108,0.1154,0.076,1643.7,4
108.1,0.1154,0.0753,1637.6,4
108.2,0.1154,0.0746,1631.1,4
108.3,0.1154,0.074,1625,4
108.4,0.1154,0.074,1618.7,4
108.5,0.1155,0.0726,1612.5,4
108.6,0.1155,0.0719,1606,4
108.7,0.1155,0.0713,1599.9,4
108.8,0.1155,0.0706,1593.4,4
108.9,0.1155,0.0706,1587,4
109,0.1155,0.0693,1580.5,4
109.1,0.1156,0.0686,1574.1,4
109.2,0.1156,0.0679,1567.6,4
109.3,0.1156,0.0672,1561.3,4
109.4,0.1156,0.0672,1554.7,4
109.5,0.1156,0.0659,1547.9,4
109.6,0.1156,0.0652,1540.9,4
109.7,0.1155,0.0645,1533.9,4
109.8,0.1155,0.0638,1526.8,4
109.9,0.1155,0.0638,1519.4,4
110,0.1155,0.0625,1512.3,4
110.1,0.1155,0.0619,1504.8,4
110.2,0.1154,0.0612,1497.4,4
110.3,0.1153,0.0605,1489.6,4
110.4,0.1153,0.0605,1482.1,4
110.5,0.1152,0.0592,1474.4,4
110.6,0.1151,0.0585,1466.2,4
110.7,0.115,0.0578,1458.2,4
110.8,0.1149,0.0571,1450,4
110.9,0.1149,0.0571,1441.8,4
111,0.1147,0.0557,1433.6,4
111.1,0.1145,0.055,1425,4
111.2,0.1143,0.0544,1416.6,4
111.3,0.1142,0.0537,1408.1,4
111.4,0.1142,0.0537,1399.5,4
111.5,0.1139,0.0524,1390.8,4
111.6,0.1137,0.0517,1382.3,4
111.7,0.1135,0.051,1373.3,4
111.8,0.1134,0.0503,1364.4,4
111.9,0.1134,0.0503,1355.7,4
112,0.113,0.049,1346.6,4
112.1,0.1129,0.0483,1337.6,4
112.2,0.1127,0.0477,1328.7,4
112.3,0.1125,0.047,1319.4,4
112.4,0.1125,0.047,1310.3,4
112.5,0.1121,0.0457,1301.4,4
112.6,0.1119,0.0451,1292.5,4
112.7,0.1117,0.0445,1283.8,4
112.8,0.1115,0.0438,1274.7,4
112.9,0.1115,0.0438,1266,4
113,0.111,0.0426,1256.9,4
113.1,0.1108,0.0419,1247.7,4
113.2,0.1106,0.0413,1238.8,4
113.3,0.1103,0.0407,1229.7,4
113.4,0.1103,0.0407,1220.6,4
113.5,0.1099,0.0394,1211.7,4
113.6,0.1096,0.0388,1202.7,4
113.7,0.1093,0.0382,1193.6,4
113.8,0.1091,0.0375,1184.7,4
113.9,0.1091,0.0375,1175.4,4
114,0.1085,0.0364,1165.8,4
114.1,0.1082,0.0358,1156.4,4
114.2,0.1079,0.0352,1146.6,4
114.3,0.1076,0.0346,1137,4
114.4,0.1076,0.0346,1127.1,4
114.5,0.107,0.0334,1117.3,4
114.6,0.1067,0.0329,1107.2,4
114.7,0.1063,0.0323,1097.2,4
114.8,0.106,0.0318,1087.1,4
114.9,0.106,0.0318,1077.5,4
115,0.1053,0.0307,1067.6,4
115.1,0.105,0.0301,1057.8,4
115.2,0.1046,0.0296,1048,4
115.3,0.1042,0.0291,1038.1,4
115.4,0.1042,0.0291,1028.3,4
115.5,0.1035,0.0281,1018.3,4
115.6,0.1032,0.0276,1008.2,4
115.7,0.1028,0.0271,998.1,4
115.8,0.1025,0.0266,987.8,4
115.9,0.1025,0.0266,977.9,4
116,0.1017,0.0256,967.4,4
116.1,0.1014,0.0252,956.9,4
116.2,0.101,0.0247,946.3,4
116.3,0.1006,0.0242,935.4,4
116.4,0.1006,0.0242,924.6,4
116.5,0.0998,0.0232,913.8,4
116.6,0.0994,0.0228,903,4
116.7,0.099,0.0223,892.3,4
116.8,0.0985,0.0219,881.3,4
116.9,0.0985,0.0219,870.3,4
117,0.0977,0.021,859.4,4
117.1,0.0972,0.0205,848.4,4
117.2,0.0967,0.0201,837.2,4
117.3,0.0963,0.0196,826.2,4
117.4,0.0963,0.0196,814.8,4
117.5,0.0953,0.0188,803.5,4
117.6,0.0948,0.0184,792,4
117.7,0.0943,0.018,780.3,4
117.8,0.0939,0.0176,768.8,4
117.9,0.0939,0.0176,757.2,4
118,0.0929,0.0168,745.9,4
118.1,0.0925,0.0164,734.6,4
118.2,0.092,0.016,723.2,4
118.3,0.0915,0.0156,712,4
118.4,0.0915,0.0156,700.9,4
118.5,0.0905,0.0148,689.5,4
118.6,0.09,0.0144,678.5,4
118.7,0.0895,0.014,667.5,4
118.8,0.089,0.0137,656.5,4
118.9,0.089,0.0137,645.7,4
119,0.088,0.013,634.7,4
119.1,0.0875,0.0127,623.9,4
119.2,0.087,0.0123,613.3,4
119.3,0.0865,0.012,602.8,4
119.4,0.0865,0.012,592.1,4
119.5,0.0855,0.0113,581.5,4
119.6,0.0851,0.011,571,4
119.7,0.0846,0.0107,560.5,4
119.8,0.0841,0.0104,549.9,4
119.9,0.0841,0.0104,539.6,4
120,0.0831,0.0098,529.1,4
120.1,0.0826,0.0095,518.7,4
120.2,0.0822,0.0092,508.4,4
120.3,0.0817,0.0089,498.1,4
120.4,0.0817,0.0089,488.1,4
120.5,0.0808,0.0084,478,4
120.6,0.0803,0.0082,468,4
120.7,0.0798,0.0079,458.3,4
120.8,0.0793,0.0076,448.5,4
120.9,0.0793,0.0076,438.7,4
121,0.0784,0.0071,428.8,4
121.1,0.0779,0.0069,418.8,4
121.2,0.0774,0.0067,409.1,4
121.3,0.0769,0.0064,399.5,4
121.4,0.0769,0.0064,389.9,4
121.5,0.076,0.0059,380.3,4
121.6,0.0755,0.0057,370.7,4
121.7,0.075,0.0054,361.2,4
121.8,0.0745,0.0052,352,4
121.9,0.0745,0.0052,342.4,4
122,0.0735,0.0047,333.3,4
122.1,0.073,0.0045,323.9,4
122.2,0.0726,0.0042,314.6,4
122.3,0.0721,0.004,305,4
122.4,0.0721,0.004,295.8,4
122.5,0.0711,0.0035,286.7,4
122.6,0.0706,0.0033,277.6,4
122.7,0.0702,0.0032,268.4,4
122.8,0.0697,0.003,259.3,4
122.9,0.0697,0.003,250.4,4
123,0.0686,0.0027,241.2,4
123.1,0.0681,0.0026,231.9,4
123.2,0.0676,0.0024,222.8,4
123.3,0.0671,0.0023,213.6,4
123.4,0.0671,0.0023,204.5,4
123.5,0.0661,0.002,195.3,4
123.6,0.0656,0.0019,186,4
123.7,0.065,0.0018,176.9,4
123.8,0.0645,0.0017,167.9,4
123.9,0.0645,0.0017,158.6,4
124,0.0635,0.0015,149.5,4
124.1,0.063,0.0014,140.3,4
124.2,0.0625,0.0013,131,4
124.3,0.0619,0.0012,121.8,4
124.4,0.0619,0.0012,112.5,4
124.5,0.0609,0.0011,103.4,4
124.6,0.0604,0.001,94.4,4
124.7,0.0599,0.0009,85.1,4
124.8,0.0594,0.0008,76.2,4
124.9,0.0594,0.0008,67.3,4
125,0.0583,0.0007,58.2,4
125.1,0.0578,0.0006,49.2,4
125.2,0.0573,0.0005,40.3,4
125.3,0.0568,0.0005,31.4,4
125.4,0.0568,0.0005,22.3,4
125.5,0.0558,0.0004,13.6,4
125.6,0.0553,0.0003,5,4
125.7,0.0548,0.0002,6279.6,4
125.8,0.0542,0.0002,6270.7,4
125.9,0.0542,0.0002,6261.8,4
126,0.0532,0.0001,6253.1,4
126.1,0.0527,0.0001,6244.2,4
126.2,0.0522,0.0001,6235.3,4
126.3,0.0516,0,6226.6,4
126.4,0.0516,0,6217.5,4
126.5,0.0505,0,6209,4
126.6,0.05,0.0001,6200.2,4
126.7,0.0495,0.0001,6191.3,4
126.8,0.049,0.0001,6182.4,4
126.9,0.049,0.0001,6173.5,4
127,0.0479,0.0002,6164.6,4
127.1,0.0474,0.0003,6155.6,4
127.2,0.0469,0.0003,6146.7,4
127.3,0.0463,0.0003,6137.9,4
127.4,0.0463,0.0003,6129,4
127.5,0.0453,0.0004,6120.3,4
127.6,0.0447,0.0005,6111.4,4
127.7,0.0442,0.0005,6102.5,4
127.8,0.0437,0.0006,6093.6,4
127.9,0.0437,0.0006,6084.7,4
128,0.0426,0.0007,6075.8,4
128.1,0.042,0.0008,6067.1,4
128.2,0.0415,0.0009,6058.2,4
128.3,0.0409,0.001,6049.3,4
128.4,0.0409,0.001,6040.2,4
128.5,0.0399,0.0012,6031.1,4
128.6,0.0394,0.0013,6022,4
128.7,0.0388,0.0014,6013,4
128.8,0.0383,0.0015,6003.7,4
128.9,0.0383,0.0015,5994.6,4
129,0.0373,0.0018,5985.6,4
129.1,0.0368,0.002,5976.3,4
129.2,0.0363,0.0021,5967.1,4
129.3,0.0358,0.0023,5957.6,4
129.4,0.0358,0.0023,5948.6,4
129.5,0.0348,0.0026,5939.1,4
129.6,0.0343,0.0028,5929.5,4
129.7,0.0338,0.003,5920.1,4
129.8,0.0333,0.0033,5910.7,4
129.9,0.0333,0.0033,5901.3,4
130,0.0324,0.0038,5891.8,4
130.1,0.032,0.004,5882.2,4
130.2,0.0315,0.0043,5872.6,4
130.3,0.031,0.0045,5863.2,4
130.4,0.031,0.0045,5853.8,4
130.5,0.0301,0.005,5844.2,4
130.6,0.0297,0.0053,5834.9,4
130.7,0.0292,0.0056,5825.3,4
130.8,0.0288,0.0058,5815.9,4
130.9,0.0288,0.0058,5806.5,4
131,0.0279,0.0063,5796.9,4
131.1,0.0274,0.0065,5787.5,4
131.2,0.027,0.0068,5778,4
131.3,0.0265,0.0071,5768.3,4
131.4,0.0265,0.0071,5758.7,4
131.5,0.0256,0.0075,5749.6,4
131.6,0.0252,0.0078,5740,4
131.7,0.0247,0.0081,5730.6,4
131.8,0.0243,0.0083,5721.1,4
131.9,0.0243,0.0083,5711.4,4
132,0.0234,0.0089,5702.1,4
132.1,0.023,0.0092,5692.5,4
132.2,0.0226,0.0095,5682.9,4
132.3,0.0221,0.0098,5673.3,4
132.4,0.0221,0.0098,5663.7,4
132.5,0.0213,0.0105,5653.9,4
132.6,0.0209,0.0108,5644.2,4
132.7,0.0205,0.0111,5634.2,4
132.8,0.0202,0.0114,5624.4,4
132.9,0.0202,0.0114,5614.5,4
133,0.0194,0.0121,5604.6,4
133.1,0.0191,0.0125,5594.4,4
133.2,0.0187,0.0129,5584.3,4
133.3,0.0183,0.0133,5574.2,4
133.4,0.0183,0.0133,5563.9,4
133.5,0.0176,0.0141,5553.6,4
133.6,0.0173,0.0144,5543.3,4
133.7,0.0169,0.0148,5533,4
133.8,0.0165,0.0152,5522.7,4
133.9,0.0165,0.0152,5512,4
134,0.0158,0.0159,5501.8,4
134.1,0.0155,0.0163,5491.3,4
134.2,0.0151,0.0167,5480.8,4
134.3,0.0148,0.017,5470.3,4
134.4,0.0148,0.017,5459.9,4
134.5,0.0141,0.0178,5449.2,4
134.6,0.0137,0.0181,5438.7,4
134.7,0.0134,0.0185,5428.3,4
134.8,0.013,0.0188,5417.6,4
134.9,0.013,0.0188,5407,4
135,0.0123,0.0196,5396.3,4
135.1,0.012,0.02,5385.5,4
135.2,0.0116,0.0204,5374.9,4
135.3,0.0113,0.0208,5364,4
135.4,0.0113,0.0208,5353.2,4
135.5,0.0106,0.0216,5342.6,4
135.6,0.0103,0.022,5331.6,4
135.7,0.01,0.0225,5320.8,4
135.8,0.0097,0.0229,5309.9,4
135.9,0.0097,0.0229,5298.8,4
136,0.0091,0.0237,5287.9,4
136.1,0.0088,0.0242,5277.1,4
136.2,0.0086,0.0246,5266.3,4
136.3,0.0083,0.0251,5255.1,4
136.4,0.0083,0.0251,5244.3,4
136.5,0.0078,0.026,5233.3,4
136.6,0.0075,0.0265,5222.5,4
136.7,0.0073,0.0269,5211.5,4
136.8,0.007,0.0274,5200.7,4
136.9,0.007,0.0274,5189.7,4
137,0.0065,0.0283,5178.7,4
137.1,0.0063,0.0288,5167.7,4
137.2,0.0061,0.0292,5156.5,4
137.3,0.0058,0.0297,5145.5,4
137.4,0.0058,0.0297,5134,4
137.5,0.0053,0.0306,5122.5,4
137.6,0.0051,0.031,5111.1,4
137.7,0.0048,0.0315,5099.8,4
137.8,0.0045,0.0319,5088.6,4
137.9,0.0045,0.0319,5077.1,4
138,0.0041,0.0327,5065.6,4
138.1,0.0039,0.0331,5054.4,4
138.2,0.0036,0.0336,5043.1,4
138.3,0.0034,0.034,5031.7,4
138.4,0.0034,0.034,5020.2,4
138.5,0.003,0.0349,5008.7,4
138.6,0.0028,0.0354,4997.2,4
138.7,0.0026,0.0359,4985.8,4
138.8,0.0024,0.0363,4974.1,4
138.9,0.0024,0.0363,4962.8,4
139,0.0021,0.0372,4951.4,4
139.1,0.002,0.0377,4939.8,4
139.2,0.0019,0.0381,4928.1,4
139.3,0.0017,0.0386,4916.7,4
139.4,0.0017,0.0386,4905.2,4
139.5,0.0014,0.0396,4893.9,4
139.6,0.0013,0.0401,4882.7,4
139.7,0.0012,0.0405,4871.5,4
139.8,0.001,0.041,4860.5,4
139.9,0.001,0.041,4849.3,4
140,0.0008,0.042,4838.5,4
140.1,0.0007,0.0425,4827.7,4
140.2,0.0006,0.043,4816.9,4
140.3,0.0006,0.0435,4805.9,4
140.4,0.0006,0.0435,4795.4,4
140.5,0.0004,0.0445,4784.6,4
140.6,0.0004,0.0449,4773.9,4
140.7,0.0003,0.0454,4763.1,4
140.8,0.0002,0.0459,4752.3,4
140.9,0.0002,0.0459,4741.8,4
141,0.0001,0.0469,4731.5,4
141.1,0.0001,0.0474,4721.1,4
141.2,0.0001,0.0478,4710.6,4
141.3,0.0001,0.0483,4699.9,4
141.4,0.0001,0.0483,4689.6,4
141.5,0,0.0493,4679.4,4
141.6,0,0.0498,4669.1,4
141.7,0,0.0503,4658.8,4
141.8,0,0.0507,4648.5,4
141.9,0,0.0507,4638.2,4
142,0,0.0517,4627.9,4
142.1,0,0.0522,4617.6,4
142.2,0,0.0527,4607.6,4
142.3,0.0001,0.0531,4597.5,4
142.4,0.0001,0.0531,4587.5,4
142.5,0.0003,0.054,4577.6,4
142.6,0.0003,0.0545,4567.7,4
142.7,0.0004,0.0549,4557.9,4
142.8,0.0005,0.0553,4548.3,4
142.9,0.0005,0.0553,4538.5,4
143,0.0006,0.0562,4528.7,4
143.1,0.0007,0.0566,4519,4
143.2,0.0008,0.057,4509,4
143.3,0.0009,0.0575,4498.9,4
143.4,0.0009,0.0575,4488.9,4
143.5,0.0011,0.0583,4478.8,4
143.6,0.0012,0.0586,4468.9,4
143.7,0.0013,0.0591,4458.9,4
143.8,0.0013,0.0595,4448.8,4
143.9,0.0013,0.0595,4438.7,4
144,0.0016,0.0603,4428.4,4
144.1,0.0017,0.0607,4417.9,4
144.2,0.0018,0.0611,4407.6,4
144.3,0.0019,0.0615,4397.3,4
144.4,0.0019,0.0615,4387,4
144.5,0.0021,0.0622,4376.5,4
144.6,0.0022,0.0627,4366.2,4
144.7,0.0023,0.063,4355.8,4
144.8,0.0024,0.0634,4345.3,4
144.9,0.0024,0.0634,4334.6,4
145,0.0027,0.0642,4324,4
145.1,0.0029,0.0646,4313.4,4
145.2,0.0031,0.0649,4302.5,4
145.3,0.0033,0.0653,4291.5,4
145.4,0.0033,0.0653,4280.5,4
145.5,0.0037,0.066,4269.4,4
145.6,0.0039,0.0664,4258.2,4
145.7,0.0041,0.0667,4246.9,4
145.8,0.0043,0.0671,4235.7,4
145.9,0.0043,0.0671,4224.2,4
146,0.0048,0.0677,4212.7,4
146.1,0.005,0.0681,4201.3,4
146.2,0.0052,0.0684,4189.8,4
146.29,0.0055,0.0687,4178.1,4
146.39,0.0055,0.0687,4166.6,4
146.5,0.006,0.0694,4154.9,4
146.6,0.0062,0.0697,4143.2,4
146.7,0.0065,0.07,4131.7,4
146.8,0.0067,0.0703,4120.1,4
146.9,0.0067,0.0703,4108.5,4
147,0.0073,0.0709,4096.9,4
147.09,0.0076,0.0712,4085.1,4
147.19,0.0079,0.0715,4073.5,4
147.3,0.0082,0.0718,4061.7,4
147.4,0.0082,0.0718,4049.8,4
147.49,0.0087,0.0723,4038.1,4
147.6,0.0091,0.0726,4026.6,4
147.7,0.0094,0.0728,4015.1,4
147.79,0.0097,0.073,4003.4,4
147.89,0.0097,0.073,3991.7,4
147.99,0.0103,0.0735,3980.2,4
148.09,0.0106,0.0737,3968.8,4
148.19,0.0109,0.0739,3957.3,4
148.29,0.0113,0.074,3946,4
148.39,0.0113,0.074,3934.4,4
148.49,0.0119,0.0744,3923.1,4
148.59,0.0123,0.0746,3911.9,4
148.7,0.0126,0.0747,3900.6,4
148.79,0.0129,0.0749,3889.2,4
148.89,0.0129,0.0749,3877.9,4
148.99,0.0136,0.0752,3866.7,4
149.09,0.0139,0.0753,3855.7,4
149.19,0.0143,0.0754,3844.6,4
149.29,0.0146,0.0755,3833.2,4
149.39,0.0146,0.0755,3822.2,4
149.49,0.0153,0.0758,3811.2,4
149.59,0.0157,0.0759,3800.2,4
149.7,0.016,0.076,3789.1,4
149.79,0.0164,0.0761,3777.9,4
149.89,0.0164,0.0761,3766.7,4
149.99,0.0171,0.0763,3755.5,4
150.09,0.0174,0.0764,3744.4,4
150.19,0.0178,0.0765,3733.2,4
150.29,0.0182,0.0765,3721.9,4
150.39,0.0182,0.0765,3710.9,4
150.5,0.0189,0.0766,3699.5,4
150.6,0.0193,0.0766,3688.2,4
150.7,0.0197,0.0767,3676.7,4
150.79,0.0201,0.0767,3665.3,4
150.89,0.0201,0.0767,3653.8,4
150.99,0.0209,0.0768,3642.5,4
151.1,0.0213,0.0769,3631.3,4
151.2,0.0217,0.0769,3620.1,4
151.3,0.022,0.077,3609.1,4
151.4,0.022,0.077,3597.9,4
151.5,0.0229,0.0771,3587,4
151.6,0.0233,0.0771,3575.8,4
151.7,0.0236,0.0772,3564.8,4
151.8,0.024,0.0772,3553.6,4
151.9,0.024,0.0772,3542.8,4
151.99,0.0248,0.0774,3532,4
152.09,0.0252,0.0774,3521,4
152.19,0.0256,0.0774,3510.2,4
152.29,0.026,0.0775,3499.5,4
152.39,0.026,0.0775,3489,4
152.49,0.0268,0.0776,3478.6,4
152.59,0.0272,0.0777,3468.1,4
152.7,0.0276,0.0777,3457.4,4
152.79,0.028,0.0777,3447,4
152.89,0.028,0.0777,3436.5,4
152.99,0.0287,0.0777,3426.4,4
153.09,0.0291,0.0777,3416.3,4
153.19,0.0295,0.0777,3406.1,4
153.29,0.03,0.0776,3396,4
153.39,0.03,0.0776,3385.7,4
153.49,0.0308,0.0776,3375.8,4
153.59,0.0312,0.0775,3365.6,4
153.7,0.0317,0.0775,3355.9,4
153.79,0.032,0.0775,3346.1,4
153.89,0.032,0.0775,3336.5,4
153.99,0.0329,0.0774,3326.9,4
154.09,0.0333,0.0773,3317.3,4
154.19,0.0337,0.0773,3307.7,4
154.29,0.0341,0.0773,3298.3,4
154.39,0.0341,0.0773,3288.8,4
154.49,0.0349,0.0772,3279.6,4
154.59,0.0353,0.0772,3270.3,4
154.7,0.0356,0.0772,3261.3,4
154.79,0.036,0.0772,3252,4
154.9,0.036,0.0772,3242.9,4
155,0.0368,0.0772,3233.9,4
155.1,0.0372,0.0771,3225,4
155.2,0.0376,0.0771,3216.1,4
155.3,0.038,0.0771,3207,4
155.39,0.038,0.0771,3197.7,4
155.49,0.0387,0.077,3188.7,4
155.59,0.0391,0.077,3179.2,4
155.7,0.0395,0.0769,3170.2,4
155.79,0.0399,0.0769,3160.7,4
155.89,0.0399,0.0769,3151.5,4
155.99,0.0407,0.0768,3142.2,4
156.09,0.0411,0.0767,3132.6,4
156.2,0.0416,0.0766,3123,4
156.29,0.0419,0.0766,3113.6,4
156.4,0.0419,0.0766,3104.2,4
156.49,0.0427,0.0764,3094.8,4
156.59,0.0432,0.0764,3085.3,4
156.7,0.0436,0.0764,3075.9,4
156.79,0.0439,0.0763,3066.7,4
156.9,0.0439,0.0763,3057.2,4
156.99,0.0447,0.0762,3047.8,4
157.1,0.0451,0.0761,3038.6,4
157.2,0.0455,0.076,3029,4
157.3,0.0459,0.0759,3019.4,4
157.39,0.0459,0.0759,3009.9,4
157.5,0.0467,0.0757,3000.5,4
157.6,0.0471,0.0756,2991.1,4
157.7,0.0474,0.0755,2981.8,4
157.8,0.0479,0.0753,2972.2,4
157.9,0.0479,0.0753,2963,4
157.99,0.0486,0.075,2953.4,4
158.09,0.049,0.0749,2944,4
158.19,0.0494,0.0748,2934.4,4
158.29,0.0498,0.0747,2924.8,4
158.39,0.0498,0.0747,2915.2,4
158.49,0.0505,0.0744,2905.4,4
158.59,0.0509,0.0743,2895.8,4
158.7,0.0512,0.0741,2886.4,4
158.79,0.0516,0.0739,2876.8,4
158.89,0.0516,0.0739,2867.4,4
158.99,0.0523,0.0736,2857.8,4
159.09,0.0526,0.0735,2848.2,4
159.19,0.053,0.0733,2838.7,4
159.29,0.0533,0.0731,2829.1,4
159.39,0.0533,0.0731,2819.5,4
159.49,0.054,0.0728,2809.8,4
159.59,0.0544,0.0726,2800,4
159.7,0.0547,0.0724,2790.2,4
159.79,0.0551,0.0723,2780.4,4
159.89,0.0551,0.0723,2770.8,4
159.99,0.0558,0.0719,2761.1,4
160.09,0.0561,0.0717,2751.3,4
160.19,0.0564,0.0714,2741.5,4
160.3,0.0567,0.0713,2731.7,4
160.39,0.0567,0.0713,2721.8,4
160.5,0.0574,0.0708,2711.8,4
160.59,0.0577,0.0706,2702.2,4
160.7,0.0581,0.0704,2692.5,4
160.79,0.0584,0.0702,2682.7,4
160.89,0.0584,0.0702,2672.9,4
160.99,0.059,0.0698,2663,4
161.09,0.0594,0.0696,2653.2,4
161.19,0.0597,0.0694,2643.3,4
161.29,0.0601,0.0692,2633.5,4
161.39,0.0601,0.0692,2623.7,4
161.49,0.0608,0.0688,2613.9,4
161.59,0.0611,0.0685,2604.2,4
161.7,0.0615,0.0683,2594.6,4
161.79,0.0618,0.0681,2585,4
161.89,0.0618,0.0681,2575.4,4
161.99,0.0625,0.0677,2565.9,4
162.09,0.0628,0.0675,2556.5,4
162.19,0.0631,0.0672,2546.9,4
162.29,0.0635,0.067,2537.5,4
162.39,0.0635,0.067,2528.2,4
162.49,0.0641,0.0665,2518.8,4
162.59,0.0644,0.0662,2509.6,4
162.7,0.0647,0.066,2500.3,4
162.79,0.065,0.0657,2491.1,4
162.89,0.065,0.0657,2481.8,4
162.99,0.0656,0.0652,2472.6,4
163.09,0.0658,0.0649,2463.3,4
163.2,0.0661,0.0646,2454.1,4
163.3,0.0664,0.0643,2445,4
163.39,0.0664,0.0643,2435.9,4
163.5,0.067,0.0638,2426.7,4
163.6,0.0673,0.0635,2417.4,4
163.7,0.0676,0.0633,2408.3,4
163.8,0.0678,0.063,2399.3,4
163.9,0.0678,0.063,2390.2,4
163.99,0.0684,0.0625,2381.1,4
164.09,0.0687,0.0622,2372,4
164.19,0.069,0.0619,2363.1,4
164.29,0.0693,0.0617,2354.4,4
164.39,0.0693,0.0617,2345.5,4
164.49,0.0699,0.0612,2336.6,4
164.59,0.0702,0.0609,2327.9,4
164.7,0.0704,0.0607,2319,4
164.79,0.0707,0.0604,2310.2,4
164.89,0.0707,0.0604,2301.5,4
164.99,0.0713,0.0599,2293,4
165.09,0.0716,0.0596,2284.4,4
165.19,0.0719,0.0593,2275.9,4
165.29,0.0721,0.0591,2267,4
165.39,0.0721,0.0591,2258.2,4
165.5,0.0727,0.0585,2249.5,4
165.59,0.0729,0.0582,2240.6,4
165.7,0.0731,0.0579,2231.9,4
165.79,0.0734,0.0576,2223.3,4
165.89,0.0734,0.0576,2214.4,4
165.99,0.0738,0.057,2205.5,4
166.09,0.074,0.0567,2196.6,4
166.19,0.0743,0.0564,2187.5,4
166.29,0.0745,0.0561,2178.5,4
166.39,0.0745,0.0561,2169.2,4
166.5,0.075,0.0555,2159.8,4
166.59,0.0752,0.0552,2150.7,4
166.7,0.0754,0.0549,2141.5,4
166.79,0.0756,0.0545,2132.4,4
166.89,0.0756,0.0545,2123.1,4
166.99,0.076,0.0539,2114.1,4
167.09,0.0762,0.0536,2104.8,4
167.19,0.0764,0.0532,2095.4,4
167.29,0.0766,0.0529,2086.3,4
167.39,0.0766,0.0529,2077.1,4
167.49,0.077,0.0522,2067.8,4
167.59,0.0772,0.0519,2058.7,4
167.7,0.0774,0.0515,2049.7,4
167.79,0.0776,0.0512,2040.6,4
167.89,0.0776,0.0512,2031.5,4
167.99,0.0781,0.0505,2022.4,4
168.09,0.0782,0.0501,2013.2,4
168.19,0.0784,0.0497,2004.1,4
168.29,0.0786,0.0494,1995,4
168.39,0.0786,0.0494,1986,4
168.49,0.079,0.0486,1977.4,4
168.59,0.0792,0.0482,1969,4
168.7,0.0794,0.0479,1961,4
168.79,0.0796,0.0475,1953.1,4
168.89,0.0796,0.0475,1945.6,4
168.99,0.08,0.0468,1938.7,4
169.09,0.0803,0.0464,1931.5,4
169.2,0.0805,0.0461,1924.9,4
169.29,0.0807,0.0458,1918.4,4
169.39,0.0807,0.0458,1912,4
169.5,0.0811,0.045,1906,4
169.6,0.0813,0.0447,1900.1,4
169.7,0.0815,0.0443,1894,4
169.79,0.0817,0.044,1888.2,4
169.9,0.0817,0.044,1882.5,4
169.99,0.082,0.0432,1877.1,4
170.09,0.0822,0.0429,1871.8,4
170.19,0.0823,0.0425,1866.6,4
170.29,0.0825,0.0422,1861.7,4
170.39,0.0825,0.0422,1856.6,4
